id_ticket_evento,id_producto,id_localidad,id_evento,nombre_persona_ocupante,dni_persona_ocupante,id_item_factura
1,1,1,1,José Martínez,12345678,1
2,2,2,1,Isabella Flores,23456789,2
3,1,3,1,Gabriela Gómez,34567890,3
4,1,4,1,Juan Gómez,12345679,4
5,2,5,1,Carlos Ramos,23456790,5
6,1,6,1,Valeria Pérez,34567891,6
7,2,7,1,Miguel Vargas,45678912,7
8,1,8,1,Miguel López,56789023,8
9,2,9,1,Isabella Rivera,67890134,9
10,1,10,1,Juan Sánchez,78901245,10
11,2,11,1,Isabella López,89012356,11
12,1,12,1,Isabella Rivera,90123467,12
13,2,13,1,Pedro Sánchez,1234578,13
14,1,14,1,Andrés Vargas,11234579,14
15,2,15,1,Daniela Ramos,21234580,15
16,1,16,1,Javier Sánchez,31234581,16
17,2,17,1,Ricardo Rivera,41234582,17
18,1,18,1,Andrés Torres,51234583,18
19,2,19,1,José Gómez,61234584,19
20,1,20,1,José García,71234585,20
21,2,21,1,Ricardo Ramos,81234586,21
22,1,22,1,Pedro Guerrero,91234587,22
23,2,23,1,Laura Flores,101234588,23
24,1,24,1,Ricardo Pérez,101234589,24
25,1,25,1,Miguel Morales,101234590,25
26,1,26,1,Andrés Guerrero,101234591,26
27,1,27,1,Andrés Pérez,101234592,27
28,1,28,1,Gabriela Castillo,101234593,28
29,1,29,1,Pedro Torres,101234594,29
30,1,30,1,Javier Rivera,101234595,30
31,2,31,1,Isabella Mendoza,101234596,31
32,1,32,1,Camila Morales,101234597,32
33,1,33,1,José Morales,101234598,33
34,1,34,1,Isabella Sánchez,101234599,34
35,2,35,1,María Ramírez,101234600,35
36,2,36,1,Carlos Martínez,101234601,36
37,2,37,1,María Rodríguez,101234602,37
38,1,38,1,Andrés Ortiz,101234603,38
39,1,39,1,Luis González,101234604,39
40,1,40,1,Daniela Morales,101234605,40
41,1,41,1,Miguel Guerrero,101234606,41
42,1,42,1,Laura Ramírez,101234607,42
43,1,43,1,Valeria Torres,101234608,43
44,1,44,1,Camila González,101234609,44
45,2,45,1,Javier Guerrero,101234610,45
46,1,46,1,Daniela Torres,101234611,46
47,1,47,1,Gabriela Flores,101234612,47
48,1,48,1,Andrés Guerrero,101234613,48
49,2,49,1,Pedro Rivera,101234614,49
50,2,50,1,Daniela González,101234615,50
51,2,51,1,Laura Vargas,101234616,51
52,1,52,1,José Sánchez,101234617,52
53,1,53,1,Sofía Castillo,101234618,53
54,1,54,1,Laura Morales,101234619,54
55,1,55,1,Andrés Morales,101234620,55
56,1,56,1,Lucía Pérez,101234621,56
57,1,57,1,Pedro Sánchez,101234622,57
58,1,58,1,María Sánchez,101234623,58
59,2,59,1,Isabella Sánchez,101234624,59
60,1,60,1,Daniela Ramírez,101234625,60
61,1,61,1,Camila Vargas,101234626,61
62,1,62,1,Fernando Castillo,101234627,62
63,2,63,1,Andrés Ortiz,101234628,63
64,2,64,1,Andrés Ramírez,101234629,64
65,2,65,1,Laura García,101234630,65
66,1,66,1,Sofía Castillo,101234631,66
67,1,67,1,Gabriela Flores,101234632,67
68,1,68,1,Luis Torres,101234633,68
69,1,69,1,Juan Pérez,101234634,69
70,1,70,1,Gabriela González,101234635,70
71,1,71,1,Lucía Pérez,101234636,71
72,1,72,1,Carlos Hernández,101234637,72
73,2,73,1,Fernando Mendoza,101234638,73
74,1,74,1,Fernando Guerrero,101234639,74
75,1,75,1,María Rivera,101234640,75
76,1,76,1,María García,101234641,76
77,2,77,1,Laura Flores,101234642,77
78,2,78,1,Andrés Flores,101234643,78
79,2,79,1,José Torres,101234644,79
80,1,80,1,Laura Flores,101234645,80
81,1,81,1,Isabella López,101234646,81
82,1,82,1,Carlos Ramos,101234647,82
83,1,83,1,Laura Vargas,101234648,83
84,1,84,1,Gabriela González,101234649,84
85,1,85,1,Lucía Martínez,101234650,85
86,1,86,1,Sofía Ortiz,101234651,86
87,2,87,1,Juan García,101234652,87
88,1,88,1,María Martínez,101234653,88
89,1,89,1,Juan López,101234654,89
90,1,90,1,Juan Sánchez,101234655,90
91,2,91,1,Juan Rivera,101234656,91
92,2,92,1,Luis López,101234657,92
93,2,93,1,Daniela Rodríguez,101234658,93
94,1,94,1,Valeria Sánchez,101234659,94
95,1,95,1,Pedro Hernández,101234660,95
96,1,96,1,José Morales,101234661,96
97,1,97,1,Lucía González,101234662,97
98,1,98,1,Javier Guerrero,101234663,98
99,1,99,1,José García,101234664,99
100,1,100,1,Javier Flores,101234665,100
101,2,101,1,Gabriela Hernández,101234666,101
102,1,102,1,Sofía Pérez,101234667,102
103,1,103,1,Gabriela Morales,101234668,103
104,1,104,1,Valeria Rodríguez,101234669,104
105,2,105,1,Laura Hernández,101234670,105
106,2,106,1,Camila Martínez,101234671,106
107,2,107,1,Pedro Gómez,101234672,107
108,1,108,1,María García,101234673,108
109,2,109,1,Lucía Torres,101234674,109
110,1,110,1,Pedro González,101234675,110
111,1,111,1,Pedro Guerrero,101234676,111
112,1,112,1,Luis Martínez,101234677,112
113,1,113,1,Camila Martínez,101234678,113
114,1,114,1,Fernando García,101234679,114
115,1,115,1,Sofía Castillo,101234680,115
116,1,116,1,Daniela Morales,101234681,116
117,2,117,1,Camila Sánchez,101234682,117
118,1,118,1,Pedro López,101234683,118
119,1,119,1,Valeria López,101234684,119
120,1,120,1,Lucía Hernández,101234685,120
121,2,121,1,Camila Mendoza,101234686,121
122,2,122,1,Camila López,101234687,122
123,2,123,1,Isabella Sánchez,101234688,123
124,1,124,1,Juan González,101234689,124
125,1,125,1,Carlos González,101234690,125
126,1,126,1,José Ortiz,101234691,126
127,1,127,1,Luis Rivera,101234692,127
128,1,128,1,Luis Torres,101234693,128
129,1,129,1,Sofía Rodríguez,101234694,129
130,1,130,1,José Morales,101234695,130
131,2,131,1,Javier Martínez,101234696,131
132,1,132,1,Ana Ramírez,101234697,132
133,1,133,1,María Sánchez,101234698,133
134,1,134,1,Laura Rivera,101234699,134
135,2,135,1,Laura García,101234700,135
136,2,136,1,Javier Ramírez,101234701,136
137,2,137,1,Juan Ramírez,101234702,137
138,1,138,1,María Ramos,101234703,138
139,1,139,1,Daniela Morales,101234704,139
140,1,140,1,Pedro Mendoza,101234705,140
141,1,141,1,Isabella Hernández,101234706,141
142,1,142,1,Camila García,101234707,142
143,1,143,1,Ricardo Mendoza,101234708,143
144,1,144,1,Camila López,101234709,144
145,2,145,1,Fernando Gómez,101234710,145
146,1,146,1,Camila Rivera,101234711,146
147,1,147,1,Juan García,101234712,147
148,1,148,1,Miguel Martínez,101234713,148
149,2,149,1,Ricardo Ramos,101234714,149
150,2,150,1,Daniela Guerrero,101234715,150
151,2,151,1,Gabriela Flores,101234716,151
152,1,152,1,Sofía García,101234717,152
153,1,153,1,Ana Morales,101234718,153
154,1,154,1,Ana Rodríguez,101234719,154
155,1,155,1,Fernando Morales,101234720,155
156,1,156,1,Javier Torres,101234721,156
157,1,157,1,Pedro Sánchez,101234722,157
158,1,158,1,Fernando Flores,101234723,158
159,2,159,1,Fernando Mendoza,101234724,159
160,1,160,1,Lucía García,101234725,160
161,1,161,1,Carlos Gómez,101234726,161
162,1,162,1,Camila García,101234727,162
163,2,163,1,Daniela Hernández,101234728,163
164,2,164,1,Andrés Guerrero,101234729,164
165,2,165,1,María Castillo,101234730,165
166,1,166,1,Juan Pérez,101234731,166
167,1,167,1,Javier Gómez,101234732,167
168,1,168,1,Andrés Ramos,101234733,168
169,1,169,1,Miguel Rivera,101234734,169
170,1,170,1,Laura García,101234735,170
171,1,171,1,Sofía Rodríguez,101234736,171
172,1,172,1,Valeria Morales,101234737,172
173,2,173,1,Fernando Morales,101234738,173
174,1,174,1,Luis Martínez,101234739,174
175,1,175,1,José Flores,101234740,175
176,1,176,1,José González,101234741,176
177,2,177,1,Daniela Vargas,101234742,177
178,2,178,1,Laura Rivera,101234743,178
179,2,179,1,Daniela Torres,101234744,179
180,1,180,1,Sofía López,101234745,180
181,1,181,1,Camila Pérez,101234746,181
182,1,182,1,José Castillo,101234747,182
183,1,183,1,Juan Ramos,101234748,183
184,1,184,1,José Sánchez,101234749,184
185,1,185,1,Gabriela Rivera,101234750,185
186,1,186,1,Carlos González,101234751,186
187,2,187,1,Ana Morales,101234752,187
188,1,188,1,Lucía González,101234753,188
189,1,189,1,Javier Sánchez,101234754,189
190,1,190,1,Valeria Flores,101234755,190
191,2,191,1,Javier Flores,101234756,191
192,2,192,1,Laura Rivera,101234757,192
193,2,193,1,Javier Torres,101234758,193
194,1,194,1,Ana González,101234759,194
195,2,195,1,José Hernández,101234760,195
196,1,196,1,Pedro Ortiz,101234761,196
197,1,197,1,Gabriela García,101234762,197
198,1,198,1,Laura Martínez,101234763,198
199,1,199,1,Laura Martínez,101234764,199
200,1,200,1,Javier García,101234765,200
201,1,201,1,Miguel Gómez,101234766,201
202,1,202,1,Valeria Hernández,101234767,202
203,2,203,1,Camila Torres,101234768,203
204,1,204,1,Ricardo González,101234769,204
205,1,205,1,Sofía González,101234770,205
206,1,206,1,Andrés Flores,101234771,206
207,2,207,1,José Vargas,101234772,207
208,2,208,1,José Guerrero,101234773,208
209,2,209,1,Andrés González,101234774,209
210,1,210,1,Valeria López,101234775,210
211,1,211,1,Gabriela Ortiz,101234776,211
212,1,212,1,Miguel Torres,101234777,212
213,1,213,1,Ana Castillo,101234778,213
214,1,214,1,Ana Rodríguez,101234779,214
215,1,215,1,Ana Rivera,101234780,215
216,1,216,1,Isabella Vargas,101234781,216
217,2,217,1,Isabella Flores,101234782,217
218,1,218,1,Camila Gómez,101234783,218
219,1,219,1,Pedro Ramírez,101234784,219
220,1,220,1,Daniela Hernández,101234785,220
221,2,221,1,Luis Sánchez,101234786,221
222,2,222,1,Valeria Rodríguez,101234787,222
223,2,223,1,Pedro Castillo,101234788,223
224,1,224,1,Gabriela Morales,101234789,224
225,1,225,1,Carlos Guerrero,101234790,225
226,1,226,1,Sofía Martínez,101234791,226
227,1,227,1,María Martínez,101234792,227
228,1,228,1,Daniela Morales,101234793,228
229,1,229,1,Javier Pérez,101234794,229
230,1,230,1,Laura González,101234795,230
231,2,231,1,Fernando Ramírez,101234796,231
232,1,232,1,Lucía Martínez,101234797,232
233,1,233,1,Isabella García,101234798,233
234,1,234,1,Ricardo Rodríguez,101234799,234
235,2,235,1,Ana Ortiz,101234800,235
236,2,236,1,Ana Hernández,101234801,236
237,2,237,1,Isabella Gómez,101234802,237
238,1,238,1,Pedro Rodríguez,101234803,238
239,1,239,1,Ana Castillo,101234804,239
240,1,240,1,Juan García,101234805,240
241,1,241,1,Laura Torres,101234806,241
242,1,242,1,Daniela Morales,101234807,242
243,1,243,1,María Castillo,101234808,243
244,1,244,1,Daniela López,101234809,244
245,2,245,1,Laura Rodríguez,101234810,245
246,1,246,1,Laura Hernández,101234811,246
247,1,247,1,Fernando Hernández,101234812,247
248,1,248,1,Lucía Pérez,101234813,248
249,2,249,1,Juan Rivera,101234814,249
250,2,250,1,Pedro Ramírez,101234815,250
251,2,251,1,Luis Ramírez,101234816,251
252,1,252,1,Miguel Torres,101234817,252
253,1,253,1,Isabella García,101234818,253
254,1,254,1,Juan Castillo,101234819,254
255,1,255,1,Miguel Sánchez,101234820,255
256,1,256,1,Ana Ortiz,101234821,256
257,1,257,1,Fernando Gómez,101234822,257
258,1,258,1,Gabriela Castillo,101234823,258
259,2,259,1,Laura Hernández,101234824,259
260,1,260,1,Ana Ortiz,101234825,260
261,1,261,1,Ricardo Guerrero,101234826,261
262,1,262,1,Ricardo Mendoza,101234827,262
263,2,263,1,Juan López,101234828,263
264,2,264,1,Camila Martínez,101234829,264
265,2,265,1,José García,101234830,265
266,1,266,1,Valeria Sánchez,101234831,266
267,1,267,1,Carlos Ramírez,101234832,267
268,1,268,1,Valeria Mendoza,101234833,268
269,1,269,1,Laura Guerrero,101234834,269
270,1,270,1,Isabella Ramos,101234835,270
271,1,271,1,Ricardo Ramírez,101234836,271
272,1,272,1,Daniela Flores,101234837,272
273,2,273,1,Lucía Morales,101234838,273
274,1,274,1,Juan Rivera,101234839,274
275,1,275,1,Daniela Vargas,101234840,275
276,1,276,1,Ricardo Ramos,101234841,276
277,2,277,1,Juan Rodríguez,101234842,277
278,2,278,1,Ana Morales,101234843,278
279,2,279,1,Daniela Hernández,101234844,279
280,1,280,1,Juan Ortiz,101234845,280
281,2,281,1,Pedro Ramírez,101234846,281
282,1,282,1,Gabriela Hernández,101234847,282
283,1,283,1,Andrés Flores,101234848,283
284,1,284,1,Pedro Sánchez,101234849,284
285,1,285,1,Gabriela Torres,101234850,285
286,1,286,1,Carlos Rodríguez,101234851,286
287,1,287,1,Luis González,101234852,287
288,1,288,1,Laura Vargas,101234853,288
289,2,289,1,Juan Guerrero,101234854,289
290,1,290,1,Ricardo Rodríguez,101234855,290
291,1,291,1,Carlos Ramos,101234856,291
292,1,292,1,Sofía García,101234857,292
293,2,293,1,Ana González,101234858,293
294,2,294,1,Laura López,101234859,294
295,2,295,1,José Sánchez,101234860,295
296,1,296,1,Gabriela Ramos,101234861,296
297,1,297,1,Laura Flores,101234862,297
298,1,298,1,Daniela Mendoza,101234863,298
299,1,299,1,Daniela Ortiz,101234864,299
300,1,300,1,María Rodríguez,101234865,300
301,1,301,1,Ricardo Ortiz,101234866,301
302,1,302,1,Javier García,101234867,302
303,2,303,1,María Rivera,101234868,303
304,1,304,1,María Ortiz,101234869,304
305,1,305,1,Andrés Rivera,101234870,305
306,1,306,1,Javier Flores,101234871,306
307,2,307,1,Pedro Ramírez,101234872,307
308,2,308,1,Isabella Martínez,101234873,308
309,2,309,1,Daniela Rivera,101234874,309
310,1,310,1,Daniela Rodríguez,101234875,310
311,1,311,1,Andrés Ramírez,101234876,311
312,1,312,1,Daniela Gómez,101234877,312
313,1,313,1,Gabriela Ramírez,101234878,313
314,1,314,1,Fernando Pérez,101234879,314
315,1,315,1,Camila Ramos,101234880,315
316,1,316,1,Andrés González,101234881,316
317,2,317,1,Juan Flores,101234882,317
318,1,318,1,Gabriela Ramírez,101234883,318
319,1,319,1,Isabella Flores,101234884,319
320,1,320,1,Lucía Morales,101234885,320
321,2,321,1,Isabella Ortiz,101234886,321
322,2,322,1,Luis López,101234887,322
323,2,323,1,Miguel Martínez,101234888,323
324,1,324,1,Carlos Mendoza,101234889,324
325,1,325,1,María Ramos,101234890,325
326,1,326,1,Valeria Rivera,101234891,326
327,1,327,1,Pedro Rodríguez,101234892,327
328,1,328,1,Pedro Vargas,101234893,328
329,1,329,1,Laura Martínez,101234894,329
330,1,330,1,Miguel Rodríguez,101234895,330
331,2,331,1,Fernando Guerrero,101234896,331
332,1,332,1,Miguel Flores,101234897,332
333,1,333,1,María Flores,101234898,333
334,1,334,1,Ricardo Pérez,101234899,334
335,2,335,1,Gabriela Guerrero,101234900,335
336,2,336,1,Juan Castillo,101234901,336
337,2,337,1,Ricardo López,101234902,337
338,1,338,1,José Gómez,101234903,338
339,1,339,1,Fernando López,101234904,339
340,1,340,1,Javier Ortiz,101234905,340
341,1,341,1,Pedro García,101234906,341
342,1,342,1,Miguel Pérez,101234907,342
343,1,343,1,Fernando Flores,101234908,343
344,1,344,1,María Ortiz,101234909,344
345,2,345,1,Juan Martínez,101234910,345
346,1,346,1,Andrés Ramírez,101234911,346
347,1,347,1,Carlos Flores,101234912,347
348,1,348,1,Juan García,101234913,348
349,2,349,1,Juan Gómez,101234914,349
350,2,350,1,Pedro García,101234915,350
351,2,351,1,Andrés Ortiz,101234916,351
352,1,352,1,Daniela Torres,101234917,352
353,1,353,1,Isabella Pérez,101234918,353
354,1,354,1,José Torres,101234919,354
355,1,355,1,Pedro Martínez,101234920,355
356,1,356,1,Ana González,101234921,356
357,1,357,1,Daniela Flores,101234922,357
358,1,358,1,Pedro Guerrero,101234923,358
359,2,359,1,María Torres,101234924,359
360,1,360,1,Laura Ramírez,101234925,360
361,1,361,1,Javier Martínez,101234926,361
362,1,362,1,Javier Ramírez,101234927,362
363,2,363,1,Valeria Vargas,101234928,363
364,2,364,1,Isabella Ramírez,101234929,364
365,2,365,1,Luis Martínez,101234930,365
366,1,366,1,Pedro Mendoza,101234931,366
367,2,367,1,María Vargas,101234932,367
368,1,368,1,María Rivera,101234933,368
369,1,369,1,Ricardo Vargas,101234934,369
370,1,370,1,María Sánchez,101234935,370
371,1,371,1,Ricardo Flores,101234936,371
372,1,372,1,Fernando Mendoza,101234937,372
373,1,373,1,Camila Ortiz,101234938,373
374,1,374,1,Camila Gómez,101234939,374
375,2,375,1,Juan Castillo,101234940,375
376,1,376,1,María Castillo,101234941,376
377,1,377,1,Ricardo Pérez,101234942,377
378,1,378,1,Fernando Ramírez,101234943,378
379,2,379,1,Miguel Pérez,101234944,379
380,2,380,1,Ricardo Ramos,101234945,380
381,2,381,1,Luis Gómez,101234946,381
382,1,382,1,Ricardo Flores,101234947,382
383,1,383,1,Valeria López,101234948,383
384,1,384,1,Valeria Castillo,101234949,384
385,1,385,1,Camila Vargas,101234950,385
386,1,386,1,Ricardo Hernández,101234951,386
387,1,387,1,Luis Flores,101234952,387
388,1,388,1,José Ortiz,101234953,388
389,2,389,1,Luis López,101234954,389
390,1,390,1,Pedro Ramírez,101234955,390
391,1,391,1,Javier Ramírez,101234956,391
392,1,392,1,Lucía González,101234957,392
393,2,393,1,Miguel Vargas,101234958,393
394,2,394,1,Javier López,101234959,394
395,2,395,1,Camila Guerrero,101234960,395
396,1,396,1,Fernando García,101234961,396
397,1,397,1,Andrés López,101234962,397
398,1,398,1,José González,101234963,398
399,1,399,1,Ricardo Rivera,101234964,399
400,1,400,1,Pedro López,101234965,400
401,1,401,1,Ricardo Ramírez,101234966,401
402,1,402,1,Sofía Rivera,101234967,402
403,2,403,1,Lucía García,101234968,403
404,1,404,1,Luis Ramos,101234969,404
405,1,405,1,Carlos Torres,101234970,405
406,1,406,1,Juan Torres,101234971,406
407,2,407,1,Sofía Hernández,101234972,407
408,2,408,1,Ricardo Martínez,101234973,408
409,2,409,1,Miguel Pérez,101234974,409
410,1,410,1,Gabriela Vargas,101234975,410
411,1,411,1,María Ramos,101234976,411
412,1,412,1,Andrés Guerrero,101234977,412
413,1,413,1,Pedro López,101234978,413
414,1,414,1,Javier Flores,101234979,414
415,1,415,1,Camila Rivera,101234980,415
416,1,416,1,Isabella Flores,101234981,416
417,2,417,1,Laura López,101234982,417
418,1,418,1,Carlos Rodríguez,101234983,418
419,1,419,1,Camila Rivera,101234984,419
420,1,420,1,Juan Rodríguez,101234985,420
421,2,421,1,Fernando Morales,101234986,421
422,2,422,1,Juan Pérez,101234987,422
423,2,423,1,Javier Rodríguez,101234988,423
424,1,424,1,Gabriela Rodríguez,101234989,424
425,1,425,1,Valeria Ramírez,101234990,425
426,1,426,1,Ricardo García,101234991,426
427,1,427,1,Daniela Ramos,101234992,427
428,1,428,1,Laura Vargas,101234993,428
429,1,429,1,María Pérez,101234994,429
430,1,430,1,Juan Castillo,101234995,430
431,2,431,1,Isabella López,101234996,431
432,1,432,1,Daniela Flores,101234997,432
433,1,433,1,Sofía López,101234998,433
434,1,434,1,Ricardo Martínez,101234999,434
435,2,435,1,Miguel Guerrero,101235000,435
436,2,436,1,Andrés Rodríguez,101235001,436
437,2,437,1,Miguel Hernández,101235002,437
438,1,438,1,Daniela Gómez,101235003,438
439,1,439,1,Lucía Ramírez,101235004,439
440,1,440,1,Fernando García,101235005,440
441,1,441,1,Pedro Hernández,101235006,441
442,1,442,1,Valeria Sánchez,101235007,442
443,1,443,1,Miguel Sánchez,101235008,443
444,1,444,1,Valeria Martínez,101235009,444
445,2,445,1,Laura Hernández,101235010,445
446,1,446,1,Juan Morales,101235011,446
447,1,447,1,Lucía Gómez,101235012,447
448,1,448,1,Gabriela Sánchez,101235013,448
449,2,449,1,Isabella García,101235014,449
450,2,450,1,María Flores,101235015,450
451,2,451,1,José Sánchez,101235016,451
452,1,452,1,José Hernández,101235017,452
453,2,453,1,Carlos González,101235018,453
454,1,454,1,Luis Pérez,101235019,454
455,1,455,1,José Vargas,101235020,455
456,1,456,1,Lucía Ramos,101235021,456
457,1,457,1,María Mendoza,101235022,457
458,1,458,1,Laura Gómez,101235023,458
459,1,459,1,Ana González,101235024,459
460,1,460,1,Javier Sánchez,101235025,460
461,2,461,1,Camila García,101235026,461
462,1,462,1,Camila Sánchez,101235027,462
463,1,463,1,Fernando Mendoza,101235028,463
464,1,464,1,Valeria Ramos,101235029,464
465,2,465,1,Andrés Pérez,101235030,465
466,2,466,1,Ricardo Gómez,101235031,466
467,2,467,1,Luis Torres,101235032,467
468,1,468,1,Javier Morales,101235033,468
469,1,469,1,Juan Hernández,101235034,469
470,1,470,1,Ricardo Rivera,101235035,470
471,1,471,1,Javier López,101235036,471
472,1,472,1,Carlos Martínez,101235037,472
473,1,473,1,Lucía Mendoza,101235038,473
474,1,474,1,Camila Guerrero,101235039,474
475,2,475,1,Javier Gómez,101235040,475
476,1,476,1,Andrés Ramírez,101235041,476
477,1,477,1,Lucía Ramos,101235042,477
478,1,478,1,Laura López,101235043,478
479,2,479,1,José Flores,101235044,479
480,2,480,1,Sofía Rodríguez,101235045,480
481,2,481,1,Daniela Ramírez,101235046,481
482,1,482,1,Luis Castillo,101235047,482
483,1,483,1,Laura Ortiz,101235048,483
484,1,484,1,María Morales,101235049,484
485,1,485,1,Carlos Gómez,101235050,485
486,1,486,1,José López,101235051,486
487,1,487,1,Ricardo Ramírez,101235052,487
488,1,488,1,Ana Morales,101235053,488
489,2,489,1,Miguel Ortiz,101235054,489
490,1,490,1,Isabella Vargas,101235055,490
491,1,491,1,Gabriela Rivera,101235056,491
492,1,492,1,Valeria Ramírez,101235057,492
493,2,493,1,Sofía Ramos,101235058,493
494,2,494,1,Andrés Gómez,101235059,494
495,2,495,1,Isabella Guerrero,101235060,495
496,1,496,1,Daniela López,101235061,496
497,1,497,1,Daniela Guerrero,101235062,497
498,1,498,1,Ricardo Ramos,101235063,498
499,1,499,1,Laura Ortiz,101235064,499
500,1,500,1,Miguel Martínez,101235065,500
501,1,1,2,José Martínez,12345678,501
502,1,2,2,Isabella Flores,23456789,502
503,2,3,2,Gabriela Gómez,34567890,503
504,1,4,2,Juan Gómez,12345679,504
505,1,5,2,Carlos Ramos,23456790,505
506,1,6,2,Valeria Pérez,34567891,506
507,2,7,2,Miguel Vargas,45678912,507
508,2,8,2,Miguel López,56789023,508
509,2,9,2,Isabella Rivera,67890134,509
510,1,10,2,Juan Sánchez,78901245,510
511,1,11,2,Isabella López,89012356,511
512,1,12,2,Isabella Rivera,90123467,512
513,1,13,2,Pedro Sánchez,1234578,513
514,1,14,2,Andrés Vargas,11234579,514
515,1,15,2,Daniela Ramos,21234580,515
516,1,16,2,Javier Sánchez,31234581,516
517,2,17,2,Ricardo Rivera,41234582,517
518,1,18,2,Andrés Torres,51234583,518
519,1,19,2,José Gómez,61234584,519
520,1,20,2,José García,71234585,520
521,2,21,2,Ricardo Ramos,81234586,521
522,2,22,2,Pedro Guerrero,91234587,522
523,2,23,2,Laura Flores,101234588,523
524,1,24,2,Ricardo Pérez,101234589,524
525,1,25,2,Miguel Morales,101234590,525
526,1,26,2,Andrés Guerrero,101234591,526
527,1,27,2,Andrés Pérez,101234592,527
528,1,28,2,Gabriela Castillo,101234593,528
529,1,29,2,Pedro Torres,101234594,529
530,1,30,2,Javier Rivera,101234595,530
531,2,31,2,Isabella Mendoza,101234596,531
532,1,32,2,Camila Morales,101234597,532
533,1,33,2,José Morales,101234598,533
534,1,34,2,Isabella Sánchez,101234599,534
535,2,35,2,María Ramírez,101234600,535
536,2,36,2,Carlos Martínez,101234601,536
537,2,37,2,María Rodríguez,101234602,537
538,1,38,2,Andrés Ortiz,101234603,538
539,2,39,2,Luis González,101234604,539
540,1,40,2,Daniela Morales,101234605,540
541,1,41,2,Miguel Guerrero,101234606,541
542,1,42,2,Laura Ramírez,101234607,542
543,1,43,2,Valeria Torres,101234608,543
544,1,44,2,Camila González,101234609,544
545,1,45,2,Javier Guerrero,101234610,545
546,1,46,2,Daniela Torres,101234611,546
547,2,47,2,Gabriela Flores,101234612,547
548,1,48,2,Andrés Guerrero,101234613,548
549,1,49,2,Pedro Rivera,101234614,549
550,1,50,2,Daniela González,101234615,550
551,2,51,2,Laura Vargas,101234616,551
552,2,52,2,José Sánchez,101234617,552
553,2,53,2,Sofía Castillo,101234618,553
554,1,54,2,Laura Morales,101234619,554
555,1,55,2,Andrés Morales,101234620,555
556,1,56,2,Lucía Pérez,101234621,556
557,1,57,2,Pedro Sánchez,101234622,557
558,1,58,2,María Sánchez,101234623,558
559,1,59,2,Isabella Sánchez,101234624,559
560,1,60,2,Daniela Ramírez,101234625,560
561,2,61,2,Camila Vargas,101234626,561
562,1,62,2,Fernando Castillo,101234627,562
563,1,63,2,Andrés Ortiz,101234628,563
564,1,64,2,Andrés Ramírez,101234629,564
565,2,65,2,Laura García,101234630,565
566,2,66,2,Sofía Castillo,101234631,566
567,2,67,2,Gabriela Flores,101234632,567
568,1,68,2,Luis Torres,101234633,568
569,1,69,2,Juan Pérez,101234634,569
570,1,70,2,Gabriela González,101234635,570
571,1,71,2,Lucía Pérez,101234636,571
572,1,72,2,Carlos Hernández,101234637,572
573,1,73,2,Fernando Mendoza,101234638,573
574,1,74,2,Fernando Guerrero,101234639,574
575,2,75,2,María Rivera,101234640,575
576,1,76,2,María García,101234641,576
577,1,77,2,Laura Flores,101234642,577
578,1,78,2,Andrés Flores,101234643,578
579,2,79,2,José Torres,101234644,579
580,2,80,2,Laura Flores,101234645,580
581,2,81,2,Isabella López,101234646,581
582,1,82,2,Carlos Ramos,101234647,582
583,1,83,2,Laura Vargas,101234648,583
584,1,84,2,Gabriela González,101234649,584
585,1,85,2,Lucía Martínez,101234650,585
586,1,86,2,Sofía Ortiz,101234651,586
587,1,87,2,Juan García,101234652,587
588,1,88,2,María Martínez,101234653,588
589,2,89,2,Juan López,101234654,589
590,1,90,2,Juan Sánchez,101234655,590
591,1,91,2,Juan Rivera,101234656,591
592,1,92,2,Luis López,101234657,592
593,2,93,2,Daniela Rodríguez,101234658,593
594,2,94,2,Valeria Sánchez,101234659,594
595,2,95,2,Pedro Hernández,101234660,595
596,1,96,2,José Morales,101234661,596
597,1,97,2,Lucía González,101234662,597
598,1,98,2,Javier Guerrero,101234663,598
599,1,99,2,José García,101234664,599
600,1,100,2,Javier Flores,101234665,600
601,1,101,2,Gabriela Hernández,101234666,601
602,1,102,2,Sofía Pérez,101234667,602
603,2,103,2,Gabriela Morales,101234668,603
604,1,104,2,Valeria Rodríguez,101234669,604
605,1,105,2,Laura Hernández,101234670,605
606,1,106,2,Camila Martínez,101234671,606
607,2,107,2,Pedro Gómez,101234672,607
608,2,108,2,María García,101234673,608
609,2,109,2,Lucía Torres,101234674,609
610,1,110,2,Pedro González,101234675,610
611,1,111,2,Pedro Guerrero,101234676,611
612,1,112,2,Luis Martínez,101234677,612
613,1,113,2,Camila Martínez,101234678,613
614,1,114,2,Fernando García,101234679,614
615,1,115,2,Sofía Castillo,101234680,615
616,1,116,2,Daniela Morales,101234681,616
617,2,117,2,Camila Sánchez,101234682,617
618,1,118,2,Pedro López,101234683,618
619,1,119,2,Valeria López,101234684,619
620,1,120,2,Lucía Hernández,101234685,620
621,2,121,2,Camila Mendoza,101234686,621
622,2,122,2,Camila López,101234687,622
623,2,123,2,Isabella Sánchez,101234688,623
624,1,124,2,Juan González,101234689,624
625,2,125,2,Carlos González,101234690,625
626,1,126,2,José Ortiz,101234691,626
627,1,127,2,Luis Rivera,101234692,627
628,1,128,2,Luis Torres,101234693,628
629,1,129,2,Sofía Rodríguez,101234694,629
630,1,130,2,José Morales,101234695,630
631,1,131,2,Javier Martínez,101234696,631
632,1,132,2,Ana Ramírez,101234697,632
633,2,133,2,María Sánchez,101234698,633
634,1,134,2,Laura Rivera,101234699,634
635,1,135,2,Laura García,101234700,635
636,1,136,2,Javier Ramírez,101234701,636
637,2,137,2,Juan Ramírez,101234702,637
638,2,138,2,María Ramos,101234703,638
639,2,139,2,Daniela Morales,101234704,639
640,1,140,2,Pedro Mendoza,101234705,640
641,1,141,2,Isabella Hernández,101234706,641
642,1,142,2,Camila García,101234707,642
643,1,143,2,Ricardo Mendoza,101234708,643
644,1,144,2,Camila López,101234709,644
645,1,145,2,Fernando Gómez,101234710,645
646,1,146,2,Camila Rivera,101234711,646
647,2,147,2,Juan García,101234712,647
648,1,148,2,Miguel Martínez,101234713,648
649,1,149,2,Ricardo Ramos,101234714,649
650,1,150,2,Daniela Guerrero,101234715,650
651,2,151,2,Gabriela Flores,101234716,651
652,2,152,2,Sofía García,101234717,652
653,2,153,2,Ana Morales,101234718,653
654,1,154,2,Ana Rodríguez,101234719,654
655,1,155,2,Fernando Morales,101234720,655
656,1,156,2,Javier Torres,101234721,656
657,1,157,2,Pedro Sánchez,101234722,657
658,1,158,2,Fernando Flores,101234723,658
659,1,159,2,Fernando Mendoza,101234724,659
660,1,160,2,Lucía García,101234725,660
661,2,161,2,Carlos Gómez,101234726,661
662,1,162,2,Camila García,101234727,662
663,1,163,2,Daniela Hernández,101234728,663
664,1,164,2,Andrés Guerrero,101234729,664
665,2,165,2,María Castillo,101234730,665
666,2,166,2,Juan Pérez,101234731,666
667,2,167,2,Javier Gómez,101234732,667
668,1,168,2,Andrés Ramos,101234733,668
669,1,169,2,Miguel Rivera,101234734,669
670,1,170,2,Laura García,101234735,670
671,1,171,2,Sofía Rodríguez,101234736,671
672,1,172,2,Valeria Morales,101234737,672
673,1,173,2,Fernando Morales,101234738,673
674,1,174,2,Luis Martínez,101234739,674
675,2,175,2,José Flores,101234740,675
676,1,176,2,José González,101234741,676
677,1,177,2,Daniela Vargas,101234742,677
678,1,178,2,Laura Rivera,101234743,678
679,2,179,2,Daniela Torres,101234744,679
680,2,180,2,Sofía López,101234745,680
681,2,181,2,Camila Pérez,101234746,681
682,1,182,2,José Castillo,101234747,682
683,1,183,2,Juan Ramos,101234748,683
684,1,184,2,José Sánchez,101234749,684
685,1,185,2,Gabriela Rivera,101234750,685
686,1,186,2,Carlos González,101234751,686
687,1,187,2,Ana Morales,101234752,687
688,1,188,2,Lucía González,101234753,688
689,2,189,2,Javier Sánchez,101234754,689
690,1,190,2,Valeria Flores,101234755,690
691,1,191,2,Javier Flores,101234756,691
692,1,192,2,Laura Rivera,101234757,692
693,2,193,2,Javier Torres,101234758,693
694,2,194,2,Ana González,101234759,694
695,2,195,2,José Hernández,101234760,695
696,1,196,2,Pedro Ortiz,101234761,696
697,1,197,2,Gabriela García,101234762,697
698,1,198,2,Laura Martínez,101234763,698
699,1,199,2,Laura Martínez,101234764,699
700,1,200,2,Javier García,101234765,700
701,1,201,2,Miguel Gómez,101234766,701
702,1,202,2,Valeria Hernández,101234767,702
703,2,203,2,Camila Torres,101234768,703
704,1,204,2,Ricardo González,101234769,704
705,1,205,2,Sofía González,101234770,705
706,1,206,2,Andrés Flores,101234771,706
707,2,207,2,José Vargas,101234772,707
708,2,208,2,José Guerrero,101234773,708
709,2,209,2,Andrés González,101234774,709
710,1,210,2,Valeria López,101234775,710
711,2,211,2,Gabriela Ortiz,101234776,711
712,1,212,2,Miguel Torres,101234777,712
713,1,213,2,Ana Castillo,101234778,713
714,1,214,2,Ana Rodríguez,101234779,714
715,1,215,2,Ana Rivera,101234780,715
716,1,216,2,Isabella Vargas,101234781,716
717,1,217,2,Isabella Flores,101234782,717
718,1,218,2,Camila Gómez,101234783,718
719,2,219,2,Pedro Ramírez,101234784,719
720,1,220,2,Daniela Hernández,101234785,720
721,1,221,2,Luis Sánchez,101234786,721
722,1,222,2,Valeria Rodríguez,101234787,722
723,2,223,2,Pedro Castillo,101234788,723
724,2,224,2,Gabriela Morales,101234789,724
725,2,225,2,Carlos Guerrero,101234790,725
726,1,226,2,Sofía Martínez,101234791,726
727,1,227,2,María Martínez,101234792,727
728,1,228,2,Daniela Morales,101234793,728
729,1,229,2,Javier Pérez,101234794,729
730,1,230,2,Laura González,101234795,730
731,1,231,2,Fernando Ramírez,101234796,731
732,1,232,2,Lucía Martínez,101234797,732
733,2,233,2,Isabella García,101234798,733
734,1,234,2,Ricardo Rodríguez,101234799,734
735,1,235,2,Ana Ortiz,101234800,735
736,1,236,2,Ana Hernández,101234801,736
737,2,237,2,Isabella Gómez,101234802,737
738,2,238,2,Pedro Rodríguez,101234803,738
739,2,239,2,Ana Castillo,101234804,739
740,1,240,2,Juan García,101234805,740
741,1,241,2,Laura Torres,101234806,741
742,1,242,2,Daniela Morales,101234807,742
743,1,243,2,María Castillo,101234808,743
744,1,244,2,Daniela López,101234809,744
745,1,245,2,Laura Rodríguez,101234810,745
746,1,246,2,Laura Hernández,101234811,746
747,2,247,2,Fernando Hernández,101234812,747
748,1,248,2,Lucía Pérez,101234813,748
749,1,249,2,Juan Rivera,101234814,749
750,1,250,2,Pedro Ramírez,101234815,750
751,2,251,2,Luis Ramírez,101234816,751
752,2,252,2,Miguel Torres,101234817,752
753,2,253,2,Isabella García,101234818,753
754,1,254,2,Juan Castillo,101234819,754
755,1,255,2,Miguel Sánchez,101234820,755
756,1,256,2,Ana Ortiz,101234821,756
757,1,257,2,Fernando Gómez,101234822,757
758,1,258,2,Gabriela Castillo,101234823,758
759,1,259,2,Laura Hernández,101234824,759
760,1,260,2,Ana Ortiz,101234825,760
761,2,261,2,Ricardo Guerrero,101234826,761
762,1,262,2,Ricardo Mendoza,101234827,762
763,1,263,2,Juan López,101234828,763
764,1,264,2,Camila Martínez,101234829,764
765,2,265,2,José García,101234830,765
766,2,266,2,Valeria Sánchez,101234831,766
767,2,267,2,Carlos Ramírez,101234832,767
768,1,268,2,Valeria Mendoza,101234833,768
769,1,269,2,Laura Guerrero,101234834,769
770,1,270,2,Isabella Ramos,101234835,770
771,1,271,2,Ricardo Ramírez,101234836,771
772,1,272,2,Daniela Flores,101234837,772
773,1,273,2,Lucía Morales,101234838,773
774,1,274,2,Juan Rivera,101234839,774
775,2,275,2,Daniela Vargas,101234840,775
776,1,276,2,Ricardo Ramos,101234841,776
777,1,277,2,Juan Rodríguez,101234842,777
778,1,278,2,Ana Morales,101234843,778
779,2,279,2,Daniela Hernández,101234844,779
780,2,280,2,Juan Ortiz,101234845,780
781,2,281,2,Pedro Ramírez,101234846,781
782,1,282,2,Gabriela Hernández,101234847,782
783,1,283,2,Andrés Flores,101234848,783
784,1,284,2,Pedro Sánchez,101234849,784
785,1,285,2,Gabriela Torres,101234850,785
786,1,286,2,Carlos Rodríguez,101234851,786
787,1,287,2,Luis González,101234852,787
788,1,288,2,Laura Vargas,101234853,788
789,2,289,2,Juan Guerrero,101234854,789
790,1,290,2,Ricardo Rodríguez,101234855,790
791,1,291,2,Carlos Ramos,101234856,791
792,1,292,2,Sofía García,101234857,792
793,2,293,2,Ana González,101234858,793
794,2,294,2,Laura López,101234859,794
795,2,295,2,José Sánchez,101234860,795
796,1,296,2,Gabriela Ramos,101234861,796
797,2,297,2,Laura Flores,101234862,797
798,1,298,2,Daniela Mendoza,101234863,798
799,1,299,2,Daniela Ortiz,101234864,799
800,1,300,2,María Rodríguez,101234865,800
801,1,301,2,Ricardo Ortiz,101234866,801
802,1,302,2,Javier García,101234867,802
803,1,303,2,María Rivera,101234868,803
804,1,304,2,María Ortiz,101234869,804
805,2,305,2,Andrés Rivera,101234870,805
806,1,306,2,Javier Flores,101234871,806
807,1,307,2,Pedro Ramírez,101234872,807
808,1,308,2,Isabella Martínez,101234873,808
809,2,309,2,Daniela Rivera,101234874,809
810,2,310,2,Daniela Rodríguez,101234875,810
811,2,311,2,Andrés Ramírez,101234876,811
812,1,312,2,Daniela Gómez,101234877,812
813,1,313,2,Gabriela Ramírez,101234878,813
814,1,314,2,Fernando Pérez,101234879,814
815,1,315,2,Camila Ramos,101234880,815
816,1,316,2,Andrés González,101234881,816
817,1,317,2,Juan Flores,101234882,817
818,1,318,2,Gabriela Ramírez,101234883,818
819,2,319,2,Isabella Flores,101234884,819
820,1,320,2,Lucía Morales,101234885,820
821,1,321,2,Isabella Ortiz,101234886,821
822,1,322,2,Luis López,101234887,822
823,2,323,2,Miguel Martínez,101234888,823
824,2,324,2,Carlos Mendoza,101234889,824
825,2,325,2,María Ramos,101234890,825
826,1,326,2,Valeria Rivera,101234891,826
827,1,327,2,Pedro Rodríguez,101234892,827
828,1,328,2,Pedro Vargas,101234893,828
829,1,329,2,Laura Martínez,101234894,829
830,1,330,2,Miguel Rodríguez,101234895,830
831,1,331,2,Fernando Guerrero,101234896,831
832,1,332,2,Miguel Flores,101234897,832
833,2,333,2,María Flores,101234898,833
834,1,334,2,Ricardo Pérez,101234899,834
835,1,335,2,Gabriela Guerrero,101234900,835
836,1,336,2,Juan Castillo,101234901,836
837,2,337,2,Ricardo López,101234902,837
838,2,338,2,José Gómez,101234903,838
839,2,339,2,Fernando López,101234904,839
840,1,340,2,Javier Ortiz,101234905,840
841,1,341,2,Pedro García,101234906,841
842,1,342,2,Miguel Pérez,101234907,842
843,1,343,2,Fernando Flores,101234908,843
844,1,344,2,María Ortiz,101234909,844
845,1,345,2,Juan Martínez,101234910,845
846,1,346,2,Andrés Ramírez,101234911,846
847,2,347,2,Carlos Flores,101234912,847
848,1,348,2,Juan García,101234913,848
849,1,349,2,Juan Gómez,101234914,849
850,1,350,2,Pedro García,101234915,850
851,2,351,2,Andrés Ortiz,101234916,851
852,2,352,2,Daniela Torres,101234917,852
853,2,353,2,Isabella Pérez,101234918,853
854,1,354,2,José Torres,101234919,854
855,1,355,2,Pedro Martínez,101234920,855
856,1,356,2,Ana González,101234921,856
857,1,357,2,Daniela Flores,101234922,857
858,1,358,2,Pedro Guerrero,101234923,858
859,1,359,2,María Torres,101234924,859
860,1,360,2,Laura Ramírez,101234925,860
861,2,361,2,Javier Martínez,101234926,861
862,1,362,2,Javier Ramírez,101234927,862
863,1,363,2,Valeria Vargas,101234928,863
864,1,364,2,Isabella Ramírez,101234929,864
865,2,365,2,Luis Martínez,101234930,865
866,2,366,2,Pedro Mendoza,101234931,866
867,2,367,2,María Vargas,101234932,867
868,1,368,2,María Rivera,101234933,868
869,1,369,2,Ricardo Vargas,101234934,869
870,1,370,2,María Sánchez,101234935,870
871,1,371,2,Ricardo Flores,101234936,871
872,1,372,2,Fernando Mendoza,101234937,872
873,1,373,2,Camila Ortiz,101234938,873
874,1,374,2,Camila Gómez,101234939,874
875,2,375,2,Juan Castillo,101234940,875
876,1,376,2,María Castillo,101234941,876
877,1,377,2,Ricardo Pérez,101234942,877
878,1,378,2,Fernando Ramírez,101234943,878
879,2,379,2,Miguel Pérez,101234944,879
880,2,380,2,Ricardo Ramos,101234945,880
881,2,381,2,Luis Gómez,101234946,881
882,1,382,2,Ricardo Flores,101234947,882
883,2,383,2,Valeria López,101234948,883
884,1,384,2,Valeria Castillo,101234949,884
885,1,385,2,Camila Vargas,101234950,885
886,1,386,2,Ricardo Hernández,101234951,886
887,1,387,2,Luis Flores,101234952,887
888,1,388,2,José Ortiz,101234953,888
889,1,389,2,Luis López,101234954,889
890,1,390,2,Pedro Ramírez,101234955,890
891,2,391,2,Javier Ramírez,101234956,891
892,1,392,2,Lucía González,101234957,892
893,1,393,2,Miguel Vargas,101234958,893
894,1,394,2,Javier López,101234959,894
895,2,395,2,Camila Guerrero,101234960,895
896,2,396,2,Fernando García,101234961,896
897,2,397,2,Andrés López,101234962,897
898,1,398,2,José González,101234963,898
899,1,399,2,Ricardo Rivera,101234964,899
900,1,400,2,Pedro López,101234965,900
901,1,401,2,Ricardo Ramírez,101234966,901
902,1,402,2,Sofía Rivera,101234967,902
903,1,403,2,Lucía García,101234968,903
904,1,404,2,Luis Ramos,101234969,904
905,2,405,2,Carlos Torres,101234970,905
906,1,406,2,Juan Torres,101234971,906
907,1,407,2,Sofía Hernández,101234972,907
908,1,408,2,Ricardo Martínez,101234973,908
909,2,409,2,Miguel Pérez,101234974,909
910,2,410,2,Gabriela Vargas,101234975,910
911,2,411,2,María Ramos,101234976,911
912,1,412,2,Andrés Guerrero,101234977,912
913,1,413,2,Pedro López,101234978,913
914,1,414,2,Javier Flores,101234979,914
915,1,415,2,Camila Rivera,101234980,915
916,1,416,2,Isabella Flores,101234981,916
917,1,417,2,Laura López,101234982,917
918,1,418,2,Carlos Rodríguez,101234983,918
919,2,419,2,Camila Rivera,101234984,919
920,1,420,2,Juan Rodríguez,101234985,920
921,1,421,2,Fernando Morales,101234986,921
922,1,422,2,Juan Pérez,101234987,922
923,2,423,2,Javier Rodríguez,101234988,923
924,2,424,2,Gabriela Rodríguez,101234989,924
925,2,425,2,Valeria Ramírez,101234990,925
926,1,426,2,Ricardo García,101234991,926
927,1,427,2,Daniela Ramos,101234992,927
928,1,428,2,Laura Vargas,101234993,928
929,1,429,2,María Pérez,101234994,929
930,1,430,2,Juan Castillo,101234995,930
931,1,431,2,Isabella López,101234996,931
932,1,432,2,Daniela Flores,101234997,932
933,2,433,2,Sofía López,101234998,933
934,1,434,2,Ricardo Martínez,101234999,934
935,1,435,2,Miguel Guerrero,101235000,935
936,1,436,2,Andrés Rodríguez,101235001,936
937,2,437,2,Miguel Hernández,101235002,937
938,2,438,2,Daniela Gómez,101235003,938
939,2,439,2,Lucía Ramírez,101235004,939
940,1,440,2,Fernando García,101235005,940
941,1,441,2,Pedro Hernández,101235006,941
942,1,442,2,Valeria Sánchez,101235007,942
943,1,443,2,Miguel Sánchez,101235008,943
944,1,444,2,Valeria Martínez,101235009,944
945,1,445,2,Laura Hernández,101235010,945
946,1,446,2,Juan Morales,101235011,946
947,2,447,2,Lucía Gómez,101235012,947
948,1,448,2,Gabriela Sánchez,101235013,948
949,1,449,2,Isabella García,101235014,949
950,1,450,2,María Flores,101235015,950
951,2,451,2,José Sánchez,101235016,951
952,2,452,2,José Hernández,101235017,952
953,2,453,2,Carlos González,101235018,953
954,1,454,2,Luis Pérez,101235019,954
955,1,455,2,José Vargas,101235020,955
956,1,456,2,Lucía Ramos,101235021,956
957,1,457,2,María Mendoza,101235022,957
958,1,458,2,Laura Gómez,101235023,958
959,1,459,2,Ana González,101235024,959
960,1,460,2,Javier Sánchez,101235025,960
961,2,461,2,Camila García,101235026,961
962,1,462,2,Camila Sánchez,101235027,962
963,1,463,2,Fernando Mendoza,101235028,963
964,1,464,2,Valeria Ramos,101235029,964
965,2,465,2,Andrés Pérez,101235030,965
966,2,466,2,Ricardo Gómez,101235031,966
967,2,467,2,Luis Torres,101235032,967
968,1,468,2,Javier Morales,101235033,968
969,2,469,2,Juan Hernández,101235034,969
970,1,470,2,Ricardo Rivera,101235035,970
971,1,471,2,Javier López,101235036,971
972,1,472,2,Carlos Martínez,101235037,972
973,1,473,2,Lucía Mendoza,101235038,973
974,1,474,2,Camila Guerrero,101235039,974
975,1,475,2,Javier Gómez,101235040,975
976,1,476,2,Andrés Ramírez,101235041,976
977,2,477,2,Lucía Ramos,101235042,977
978,1,478,2,Laura López,101235043,978
979,1,479,2,José Flores,101235044,979
980,1,480,2,Sofía Rodríguez,101235045,980
981,2,481,2,Daniela Ramírez,101235046,981
982,2,482,2,Luis Castillo,101235047,982
983,2,483,2,Laura Ortiz,101235048,983
984,1,484,2,María Morales,101235049,984
985,1,485,2,Carlos Gómez,101235050,985
986,1,486,2,José López,101235051,986
987,1,487,2,Ricardo Ramírez,101235052,987
988,1,488,2,Ana Morales,101235053,988
989,1,489,2,Miguel Ortiz,101235054,989
990,1,490,2,Isabella Vargas,101235055,990
991,2,491,2,Gabriela Rivera,101235056,991
992,1,492,2,Valeria Ramírez,101235057,992
993,1,493,2,Sofía Ramos,101235058,993
994,1,494,2,Andrés Gómez,101235059,994
995,2,495,2,Isabella Guerrero,101235060,995
996,2,496,2,Daniela López,101235061,996
997,2,497,2,Daniela Guerrero,101235062,997
998,1,498,2,Ricardo Ramos,101235063,998
999,1,499,3,Laura Ortiz,101235064,999
1000,1,500,2,Miguel Martínez,101235065,1000
1001,1,1,3,José Martínez,12345678,1001
1002,2,2,3,Isabella Flores,23456789,1002
1003,1,3,3,Gabriela Gómez,34567890,1003
1004,1,4,3,Juan Gómez,12345679,1004
1005,2,5,3,Carlos Ramos,23456790,1005
1006,1,6,3,Valeria Pérez,34567891,1006
1007,2,7,3,Miguel Vargas,45678912,1007
1008,1,8,3,Miguel López,56789023,1008
1009,2,9,3,Isabella Rivera,67890134,1009
1010,1,10,3,Juan Sánchez,78901245,1010
1011,2,11,3,Isabella López,89012356,1011
1012,1,12,3,Isabella Rivera,90123467,1012
1013,2,13,3,Pedro Sánchez,1234578,1013
1014,1,14,3,Andrés Vargas,11234579,1014
1015,2,15,3,Daniela Ramos,21234580,1015
1016,1,16,3,Javier Sánchez,31234581,1016
1017,2,17,3,Ricardo Rivera,41234582,1017
1018,1,18,3,Andrés Torres,51234583,1018
1019,2,19,3,José Gómez,61234584,1019
1020,1,20,3,José García,71234585,1020
1021,2,21,3,Ricardo Ramos,81234586,1021
1022,1,22,3,Pedro Guerrero,91234587,1022
1023,2,23,3,Laura Flores,101234588,1023
1024,1,24,3,Ricardo Pérez,101234589,1024
1025,1,25,3,Miguel Morales,101234590,1025
1026,1,26,3,Andrés Guerrero,101234591,1026
1027,1,27,3,Andrés Pérez,101234592,1027
1028,1,28,3,Gabriela Castillo,101234593,1028
1029,1,29,3,Pedro Torres,101234594,1029
1030,1,30,3,Javier Rivera,101234595,1030
1031,2,31,3,Isabella Mendoza,101234596,1031
1032,1,32,3,Camila Morales,101234597,1032
1033,1,33,3,José Morales,101234598,1033
1034,1,34,3,Isabella Sánchez,101234599,1034
1035,2,35,3,María Ramírez,101234600,1035
1036,2,36,3,Carlos Martínez,101234601,1036
1037,2,37,3,María Rodríguez,101234602,1037
1038,1,38,3,Andrés Ortiz,101234603,1038
1039,1,39,3,Luis González,101234604,1039
1040,1,40,3,Daniela Morales,101234605,1040
1041,1,41,3,Miguel Guerrero,101234606,1041
1042,1,42,3,Laura Ramírez,101234607,1042
1043,1,43,3,Valeria Torres,101234608,1043
1044,1,44,3,Camila González,101234609,1044
1045,2,45,3,Javier Guerrero,101234610,1045
1046,1,46,3,Daniela Torres,101234611,1046
1047,1,47,3,Gabriela Flores,101234612,1047
1048,1,48,3,Andrés Guerrero,101234613,1048
1049,2,49,3,Pedro Rivera,101234614,1049
1050,2,50,3,Daniela González,101234615,1050
1051,2,51,3,Laura Vargas,101234616,1051
1052,1,52,3,José Sánchez,101234617,1052
1053,1,53,3,Sofía Castillo,101234618,1053
1054,1,54,3,Laura Morales,101234619,1054
1055,1,55,3,Andrés Morales,101234620,1055
1056,1,56,3,Lucía Pérez,101234621,1056
1057,1,57,3,Pedro Sánchez,101234622,1057
1058,1,58,3,María Sánchez,101234623,1058
1059,2,59,3,Isabella Sánchez,101234624,1059
1060,1,60,3,Daniela Ramírez,101234625,1060
1061,1,61,3,Camila Vargas,101234626,1061
1062,1,62,3,Fernando Castillo,101234627,1062
1063,2,63,3,Andrés Ortiz,101234628,1063
1064,2,64,3,Andrés Ramírez,101234629,1064
1065,2,65,3,Laura García,101234630,1065
1066,1,66,3,Sofía Castillo,101234631,1066
1067,1,67,3,Gabriela Flores,101234632,1067
1068,1,68,3,Luis Torres,101234633,1068
1069,1,69,3,Juan Pérez,101234634,1069
1070,1,70,3,Gabriela González,101234635,1070
1071,1,71,3,Lucía Pérez,101234636,1071
1072,1,72,3,Carlos Hernández,101234637,1072
1073,2,73,3,Fernando Mendoza,101234638,1073
1074,1,74,3,Fernando Guerrero,101234639,1074
1075,1,75,3,María Rivera,101234640,1075
1076,1,76,3,María García,101234641,1076
1077,2,77,3,Laura Flores,101234642,1077
1078,2,78,3,Andrés Flores,101234643,1078
1079,2,79,3,José Torres,101234644,1079
1080,1,80,3,Laura Flores,101234645,1080
1081,1,81,3,Isabella López,101234646,1081
1082,1,82,3,Carlos Ramos,101234647,1082
1083,1,83,3,Laura Vargas,101234648,1083
1084,1,84,3,Gabriela González,101234649,1084
1085,1,85,3,Lucía Martínez,101234650,1085
1086,1,86,3,Sofía Ortiz,101234651,1086
1087,2,87,3,Juan García,101234652,1087
1088,1,88,3,María Martínez,101234653,1088
1089,1,89,3,Juan López,101234654,1089
1090,1,90,3,Juan Sánchez,101234655,1090
1091,2,91,3,Juan Rivera,101234656,1091
1092,2,92,3,Luis López,101234657,1092
1093,2,93,3,Daniela Rodríguez,101234658,1093
1094,1,94,3,Valeria Sánchez,101234659,1094
1095,1,95,3,Pedro Hernández,101234660,1095
1096,1,96,3,José Morales,101234661,1096
1097,1,97,3,Lucía González,101234662,1097
1098,1,98,3,Javier Guerrero,101234663,1098
1099,1,99,3,José García,101234664,1099
1100,1,100,3,Javier Flores,101234665,1100
1101,2,101,3,Gabriela Hernández,101234666,1101
1102,1,102,3,Sofía Pérez,101234667,1102
1103,1,103,3,Gabriela Morales,101234668,1103
1104,1,104,3,Valeria Rodríguez,101234669,1104
1105,2,105,3,Laura Hernández,101234670,1105
1106,2,106,3,Camila Martínez,101234671,1106
1107,2,107,3,Pedro Gómez,101234672,1107
1108,1,108,3,María García,101234673,1108
1109,2,109,3,Lucía Torres,101234674,1109
1110,1,110,3,Pedro González,101234675,1110
1111,1,111,3,Pedro Guerrero,101234676,1111
1112,1,112,3,Luis Martínez,101234677,1112
1113,1,113,3,Camila Martínez,101234678,1113
1114,1,114,3,Fernando García,101234679,1114
1115,1,115,3,Sofía Castillo,101234680,1115
1116,1,116,3,Daniela Morales,101234681,1116
1117,2,117,3,Camila Sánchez,101234682,1117
1118,1,118,3,Pedro López,101234683,1118
1119,1,119,3,Valeria López,101234684,1119
1120,1,120,3,Lucía Hernández,101234685,1120
1121,2,121,3,Camila Mendoza,101234686,1121
1122,2,122,3,Camila López,101234687,1122
1123,2,123,3,Isabella Sánchez,101234688,1123
1124,1,124,3,Juan González,101234689,1124
1125,1,125,3,Carlos González,101234690,1125
1126,1,126,3,José Ortiz,101234691,1126
1127,1,127,3,Luis Rivera,101234692,1127
1128,1,128,3,Luis Torres,101234693,1128
1129,1,129,3,Sofía Rodríguez,101234694,1129
1130,1,130,3,José Morales,101234695,1130
1131,2,131,3,Javier Martínez,101234696,1131
1132,1,132,3,Ana Ramírez,101234697,1132
1133,1,133,3,María Sánchez,101234698,1133
1134,1,134,3,Laura Rivera,101234699,1134
1135,2,135,3,Laura García,101234700,1135
1136,2,136,3,Javier Ramírez,101234701,1136
1137,2,137,3,Juan Ramírez,101234702,1137
1138,1,138,3,María Ramos,101234703,1138
1139,1,139,3,Daniela Morales,101234704,1139
1140,1,140,3,Pedro Mendoza,101234705,1140
1141,1,141,3,Isabella Hernández,101234706,1141
1142,1,142,3,Camila García,101234707,1142
1143,1,143,3,Ricardo Mendoza,101234708,1143
1144,1,144,3,Camila López,101234709,1144
1145,2,145,3,Fernando Gómez,101234710,1145
1146,1,146,3,Camila Rivera,101234711,1146
1147,1,147,3,Juan García,101234712,1147
1148,1,148,3,Miguel Martínez,101234713,1148
1149,2,149,3,Ricardo Ramos,101234714,1149
1150,2,150,3,Daniela Guerrero,101234715,1150
1151,2,151,3,Gabriela Flores,101234716,1151
1152,1,152,3,Sofía García,101234717,1152
1153,1,153,3,Ana Morales,101234718,1153
1154,1,154,3,Ana Rodríguez,101234719,1154
1155,1,155,3,Fernando Morales,101234720,1155
1156,1,156,3,Javier Torres,101234721,1156
1157,1,157,3,Pedro Sánchez,101234722,1157
1158,1,158,3,Fernando Flores,101234723,1158
1159,2,159,3,Fernando Mendoza,101234724,1159
1160,1,160,3,Lucía García,101234725,1160
1161,1,161,3,Carlos Gómez,101234726,1161
1162,1,162,3,Camila García,101234727,1162
1163,2,163,3,Daniela Hernández,101234728,1163
1164,2,164,3,Andrés Guerrero,101234729,1164
1165,2,165,3,María Castillo,101234730,1165
1166,1,166,3,Juan Pérez,101234731,1166
1167,1,167,3,Javier Gómez,101234732,1167
1168,1,168,3,Andrés Ramos,101234733,1168
1169,1,169,3,Miguel Rivera,101234734,1169
1170,1,170,3,Laura García,101234735,1170
1171,1,171,3,Sofía Rodríguez,101234736,1171
1172,1,172,3,Valeria Morales,101234737,1172
1173,2,173,3,Fernando Morales,101234738,1173
1174,1,174,3,Luis Martínez,101234739,1174
1175,1,175,3,José Flores,101234740,1175
1176,1,176,3,José González,101234741,1176
1177,2,177,3,Daniela Vargas,101234742,1177
1178,2,178,3,Laura Rivera,101234743,1178
1179,2,179,3,Daniela Torres,101234744,1179
1180,1,180,3,Sofía López,101234745,1180
1181,1,181,3,Camila Pérez,101234746,1181
1182,1,182,3,José Castillo,101234747,1182
1183,1,183,3,Juan Ramos,101234748,1183
1184,1,184,3,José Sánchez,101234749,1184
1185,1,185,3,Gabriela Rivera,101234750,1185
1186,1,186,3,Carlos González,101234751,1186
1187,2,187,3,Ana Morales,101234752,1187
1188,1,188,3,Lucía González,101234753,1188
1189,1,189,3,Javier Sánchez,101234754,1189
1190,1,190,3,Valeria Flores,101234755,1190
1191,2,191,3,Javier Flores,101234756,1191
1192,2,192,3,Laura Rivera,101234757,1192
1193,2,193,3,Javier Torres,101234758,1193
1194,1,194,3,Ana González,101234759,1194
1195,2,195,3,José Hernández,101234760,1195
1196,1,196,3,Pedro Ortiz,101234761,1196
1197,1,197,3,Gabriela García,101234762,1197
1198,1,198,3,Laura Martínez,101234763,1198
1199,1,199,3,Laura Martínez,101234764,1199
1200,1,200,3,Javier García,101234765,1200
1201,1,201,3,Miguel Gómez,101234766,1201
1202,1,202,3,Valeria Hernández,101234767,1202
1203,2,203,3,Camila Torres,101234768,1203
1204,1,204,3,Ricardo González,101234769,1204
1205,1,205,3,Sofía González,101234770,1205
1206,1,206,3,Andrés Flores,101234771,1206
1207,2,207,3,José Vargas,101234772,1207
1208,2,208,3,José Guerrero,101234773,1208
1209,2,209,3,Andrés González,101234774,1209
1210,1,210,3,Valeria López,101234775,1210
1211,1,211,3,Gabriela Ortiz,101234776,1211
1212,1,212,3,Miguel Torres,101234777,1212
1213,1,213,3,Ana Castillo,101234778,1213
1214,1,214,3,Ana Rodríguez,101234779,1214
1215,1,215,3,Ana Rivera,101234780,1215
1216,1,216,3,Isabella Vargas,101234781,1216
1217,2,217,3,Isabella Flores,101234782,1217
1218,1,218,3,Camila Gómez,101234783,1218
1219,1,219,3,Pedro Ramírez,101234784,1219
1220,1,220,3,Daniela Hernández,101234785,1220
1221,2,221,3,Luis Sánchez,101234786,1221
1222,2,222,3,Valeria Rodríguez,101234787,1222
1223,2,223,3,Pedro Castillo,101234788,1223
1224,1,224,3,Gabriela Morales,101234789,1224
1225,1,225,3,Carlos Guerrero,101234790,1225
1226,1,226,3,Sofía Martínez,101234791,1226
1227,1,227,3,María Martínez,101234792,1227
1228,1,228,3,Daniela Morales,101234793,1228
1229,1,229,3,Javier Pérez,101234794,1229
1230,1,230,3,Laura González,101234795,1230
1231,2,231,3,Fernando Ramírez,101234796,1231
1232,1,232,3,Lucía Martínez,101234797,1232
1233,1,233,3,Isabella García,101234798,1233
1234,1,234,3,Ricardo Rodríguez,101234799,1234
1235,2,235,3,Ana Ortiz,101234800,1235
1236,2,236,3,Ana Hernández,101234801,1236
1237,2,237,3,Isabella Gómez,101234802,1237
1238,1,238,3,Pedro Rodríguez,101234803,1238
1239,1,239,3,Ana Castillo,101234804,1239
1240,1,240,3,Juan García,101234805,1240
1241,1,241,3,Laura Torres,101234806,1241
1242,1,242,3,Daniela Morales,101234807,1242
1243,1,243,3,María Castillo,101234808,1243
1244,1,244,3,Daniela López,101234809,1244
1245,2,245,3,Laura Rodríguez,101234810,1245
1246,1,246,3,Laura Hernández,101234811,1246
1247,1,247,3,Fernando Hernández,101234812,1247
1248,1,248,3,Lucía Pérez,101234813,1248
1249,2,249,3,Juan Rivera,101234814,1249
1250,2,250,3,Pedro Ramírez,101234815,1250
1251,2,251,3,Luis Ramírez,101234816,1251
1252,1,252,3,Miguel Torres,101234817,1252
1253,1,253,3,Isabella García,101234818,1253
1254,1,254,3,Juan Castillo,101234819,1254
1255,1,255,3,Miguel Sánchez,101234820,1255
1256,1,256,3,Ana Ortiz,101234821,1256
1257,1,257,3,Fernando Gómez,101234822,1257
1258,1,258,3,Gabriela Castillo,101234823,1258
1259,2,259,3,Laura Hernández,101234824,1259
1260,1,260,3,Ana Ortiz,101234825,1260
1261,1,261,3,Ricardo Guerrero,101234826,1261
1262,1,262,3,Ricardo Mendoza,101234827,1262
1263,2,263,3,Juan López,101234828,1263
1264,2,264,3,Camila Martínez,101234829,1264
1265,2,265,3,José García,101234830,1265
1266,1,266,3,Valeria Sánchez,101234831,1266
1267,1,267,3,Carlos Ramírez,101234832,1267
1268,1,268,3,Valeria Mendoza,101234833,1268
1269,1,269,3,Laura Guerrero,101234834,1269
1270,1,270,3,Isabella Ramos,101234835,1270
1271,1,271,3,Ricardo Ramírez,101234836,1271
1272,1,272,3,Daniela Flores,101234837,1272
1273,2,273,3,Lucía Morales,101234838,1273
1274,1,274,3,Juan Rivera,101234839,1274
1275,1,275,3,Daniela Vargas,101234840,1275
1276,1,276,3,Ricardo Ramos,101234841,1276
1277,2,277,3,Juan Rodríguez,101234842,1277
1278,2,278,3,Ana Morales,101234843,1278
1279,2,279,3,Daniela Hernández,101234844,1279
1280,1,280,3,Juan Ortiz,101234845,1280
1281,2,281,3,Pedro Ramírez,101234846,1281
1282,1,282,3,Gabriela Hernández,101234847,1282
1283,1,283,3,Andrés Flores,101234848,1283
1284,1,284,3,Pedro Sánchez,101234849,1284
1285,1,285,3,Gabriela Torres,101234850,1285
1286,1,286,3,Carlos Rodríguez,101234851,1286
1287,1,287,3,Luis González,101234852,1287
1288,1,288,3,Laura Vargas,101234853,1288
1289,2,289,3,Juan Guerrero,101234854,1289
1290,1,290,3,Ricardo Rodríguez,101234855,1290
1291,1,291,3,Carlos Ramos,101234856,1291
1292,1,292,3,Sofía García,101234857,1292
1293,2,293,3,Ana González,101234858,1293
1294,2,294,3,Laura López,101234859,1294
1295,2,295,3,José Sánchez,101234860,1295
1296,1,296,3,Gabriela Ramos,101234861,1296
1297,1,297,3,Laura Flores,101234862,1297
1298,1,298,3,Daniela Mendoza,101234863,1298
1299,1,299,3,Daniela Ortiz,101234864,1299
1300,1,300,3,María Rodríguez,101234865,1300
1301,1,301,3,Ricardo Ortiz,101234866,1301
1302,1,302,3,Javier García,101234867,1302
1303,2,303,3,María Rivera,101234868,1303
1304,1,304,3,María Ortiz,101234869,1304
1305,1,305,3,Andrés Rivera,101234870,1305
1306,1,306,3,Javier Flores,101234871,1306
1307,2,307,3,Pedro Ramírez,101234872,1307
1308,2,308,3,Isabella Martínez,101234873,1308
1309,2,309,3,Daniela Rivera,101234874,1309
1310,1,310,3,Daniela Rodríguez,101234875,1310
1311,1,311,3,Andrés Ramírez,101234876,1311
1312,1,312,3,Daniela Gómez,101234877,1312
1313,1,313,3,Gabriela Ramírez,101234878,1313
1314,1,314,3,Fernando Pérez,101234879,1314
1315,1,315,3,Camila Ramos,101234880,1315
1316,1,316,3,Andrés González,101234881,1316
1317,2,317,3,Juan Flores,101234882,1317
1318,1,318,3,Gabriela Ramírez,101234883,1318
1319,1,319,3,Isabella Flores,101234884,1319
1320,1,320,3,Lucía Morales,101234885,1320
1321,2,321,3,Isabella Ortiz,101234886,1321
1322,2,322,3,Luis López,101234887,1322
1323,2,323,3,Miguel Martínez,101234888,1323
1324,1,324,3,Carlos Mendoza,101234889,1324
1325,1,325,3,María Ramos,101234890,1325
1326,1,326,3,Valeria Rivera,101234891,1326
1327,1,327,3,Pedro Rodríguez,101234892,1327
1328,1,328,3,Pedro Vargas,101234893,1328
1329,1,329,3,Laura Martínez,101234894,1329
1330,1,330,3,Miguel Rodríguez,101234895,1330
1331,2,331,3,Fernando Guerrero,101234896,1331
1332,1,332,3,Miguel Flores,101234897,1332
1333,1,333,3,María Flores,101234898,1333
1334,1,334,3,Ricardo Pérez,101234899,1334
1335,2,335,3,Gabriela Guerrero,101234900,1335
1336,2,336,3,Juan Castillo,101234901,1336
1337,2,337,3,Ricardo López,101234902,1337
1338,1,338,3,José Gómez,101234903,1338
1339,1,339,3,Fernando López,101234904,1339
1340,1,340,3,Javier Ortiz,101234905,1340
1341,1,341,3,Pedro García,101234906,1341
1342,1,342,3,Miguel Pérez,101234907,1342
1343,1,343,3,Fernando Flores,101234908,1343
1344,1,344,3,María Ortiz,101234909,1344
1345,2,345,3,Juan Martínez,101234910,1345
1346,1,346,3,Andrés Ramírez,101234911,1346
1347,1,347,3,Carlos Flores,101234912,1347
1348,1,348,3,Juan García,101234913,1348
1349,2,349,3,Juan Gómez,101234914,1349
1350,2,350,3,Pedro García,101234915,1350
1351,2,351,3,Andrés Ortiz,101234916,1351
1352,1,352,3,Daniela Torres,101234917,1352
1353,1,353,3,Isabella Pérez,101234918,1353
1354,1,354,3,José Torres,101234919,1354
1355,1,355,3,Pedro Martínez,101234920,1355
1356,1,356,3,Ana González,101234921,1356
1357,1,357,3,Daniela Flores,101234922,1357
1358,1,358,3,Pedro Guerrero,101234923,1358
1359,2,359,3,María Torres,101234924,1359
1360,1,360,3,Laura Ramírez,101234925,1360
1361,1,361,3,Javier Martínez,101234926,1361
1362,1,362,3,Javier Ramírez,101234927,1362
1363,2,363,3,Valeria Vargas,101234928,1363
1364,2,364,3,Isabella Ramírez,101234929,1364
1365,2,365,3,Luis Martínez,101234930,1365
1366,1,366,3,Pedro Mendoza,101234931,1366
1367,2,367,3,María Vargas,101234932,1367
1368,1,368,3,María Rivera,101234933,1368
1369,1,369,3,Ricardo Vargas,101234934,1369
1370,1,370,3,María Sánchez,101234935,1370
1371,1,371,3,Ricardo Flores,101234936,1371
1372,1,372,3,Fernando Mendoza,101234937,1372
1373,1,373,3,Camila Ortiz,101234938,1373
1374,1,374,3,Camila Gómez,101234939,1374
1375,2,375,3,Juan Castillo,101234940,1375
1376,1,376,3,María Castillo,101234941,1376
1377,1,377,3,Ricardo Pérez,101234942,1377
1378,1,378,3,Fernando Ramírez,101234943,1378
1379,2,379,3,Miguel Pérez,101234944,1379
1380,2,380,3,Ricardo Ramos,101234945,1380
1381,2,381,3,Luis Gómez,101234946,1381
1382,1,382,3,Ricardo Flores,101234947,1382
1383,1,383,3,Valeria López,101234948,1383
1384,1,384,3,Valeria Castillo,101234949,1384
1385,1,385,3,Camila Vargas,101234950,1385
1386,1,386,3,Ricardo Hernández,101234951,1386
1387,1,387,3,Luis Flores,101234952,1387
1388,1,388,3,José Ortiz,101234953,1388
1389,2,389,3,Luis López,101234954,1389
1390,1,390,3,Pedro Ramírez,101234955,1390
1391,1,391,3,Javier Ramírez,101234956,1391
1392,1,392,3,Lucía González,101234957,1392
1393,2,393,3,Miguel Vargas,101234958,1393
1394,2,394,3,Javier López,101234959,1394
1395,2,395,3,Camila Guerrero,101234960,1395
1396,1,396,3,Fernando García,101234961,1396
1397,1,397,3,Andrés López,101234962,1397
1398,1,398,3,José González,101234963,1398
1399,1,399,3,Ricardo Rivera,101234964,1399
1400,1,400,3,Pedro López,101234965,1400
1401,1,401,3,Ricardo Ramírez,101234966,1401
1402,1,402,3,Sofía Rivera,101234967,1402
1403,2,403,3,Lucía García,101234968,1403
1404,1,404,3,Luis Ramos,101234969,1404
1405,1,405,3,Carlos Torres,101234970,1405
1406,1,406,3,Juan Torres,101234971,1406
1407,2,407,3,Sofía Hernández,101234972,1407
1408,2,408,3,Ricardo Martínez,101234973,1408
1409,2,409,3,Miguel Pérez,101234974,1409
1410,1,410,3,Gabriela Vargas,101234975,1410
1411,1,411,3,María Ramos,101234976,1411
1412,1,412,3,Andrés Guerrero,101234977,1412
1413,1,413,3,Pedro López,101234978,1413
1414,1,414,3,Javier Flores,101234979,1414
1415,1,415,3,Camila Rivera,101234980,1415
1416,1,416,3,Isabella Flores,101234981,1416
1417,2,417,3,Laura López,101234982,1417
1418,1,418,3,Carlos Rodríguez,101234983,1418
1419,1,419,3,Camila Rivera,101234984,1419
1420,1,420,3,Juan Rodríguez,101234985,1420
1421,2,421,3,Fernando Morales,101234986,1421
1422,2,422,3,Juan Pérez,101234987,1422
1423,2,423,3,Javier Rodríguez,101234988,1423
1424,1,424,3,Gabriela Rodríguez,101234989,1424
1425,1,425,3,Valeria Ramírez,101234990,1425
1426,1,426,3,Ricardo García,101234991,1426
1427,1,427,3,Daniela Ramos,101234992,1427
1428,1,428,3,Laura Vargas,101234993,1428
1429,1,429,3,María Pérez,101234994,1429
1430,1,430,3,Juan Castillo,101234995,1430
1431,2,431,3,Isabella López,101234996,1431
1432,1,432,3,Daniela Flores,101234997,1432
1433,1,433,3,Sofía López,101234998,1433
1434,1,434,3,Ricardo Martínez,101234999,1434
1435,2,435,3,Miguel Guerrero,101235000,1435
1436,2,436,3,Andrés Rodríguez,101235001,1436
1437,2,437,3,Miguel Hernández,101235002,1437
1438,1,438,3,Daniela Gómez,101235003,1438
1439,1,439,3,Lucía Ramírez,101235004,1439
1440,1,440,3,Fernando García,101235005,1440
1441,1,441,3,Pedro Hernández,101235006,1441
1442,1,442,3,Valeria Sánchez,101235007,1442
1443,1,443,3,Miguel Sánchez,101235008,1443
1444,1,444,3,Valeria Martínez,101235009,1444
1445,2,445,3,Laura Hernández,101235010,1445
1446,1,446,3,Juan Morales,101235011,1446
1447,1,447,3,Lucía Gómez,101235012,1447
1448,1,448,3,Gabriela Sánchez,101235013,1448
1449,2,449,3,Isabella García,101235014,1449
1450,2,450,3,María Flores,101235015,1450
1451,2,451,3,José Sánchez,101235016,1451
1452,1,452,3,José Hernández,101235017,1452
1453,2,453,3,Carlos González,101235018,1453
1454,1,454,3,Luis Pérez,101235019,1454
1455,1,455,3,José Vargas,101235020,1455
1456,1,456,3,Lucía Ramos,101235021,1456
1457,1,457,3,María Mendoza,101235022,1457
1458,1,458,3,Laura Gómez,101235023,1458
1459,1,459,3,Ana González,101235024,1459
1460,1,460,3,Javier Sánchez,101235025,1460
1461,2,461,3,Camila García,101235026,1461
1462,1,462,3,Camila Sánchez,101235027,1462
1463,1,463,3,Fernando Mendoza,101235028,1463
1464,1,464,3,Valeria Ramos,101235029,1464
1465,2,465,3,Andrés Pérez,101235030,1465
1466,2,466,3,Ricardo Gómez,101235031,1466
1467,2,467,3,Luis Torres,101235032,1467
1468,1,468,3,Javier Morales,101235033,1468
1469,1,469,3,Juan Hernández,101235034,1469
1470,1,470,3,Ricardo Rivera,101235035,1470
1471,1,471,3,Javier López,101235036,1471
1472,1,472,3,Carlos Martínez,101235037,1472
1473,1,473,3,Lucía Mendoza,101235038,1473
1474,1,474,3,Camila Guerrero,101235039,1474
1475,2,475,3,Javier Gómez,101235040,1475
1476,1,476,3,Andrés Ramírez,101235041,1476
1477,1,477,3,Lucía Ramos,101235042,1477
1478,1,478,3,Laura López,101235043,1478
1479,2,479,3,José Flores,101235044,1479
1480,2,480,3,Sofía Rodríguez,101235045,1480
1481,2,481,3,Daniela Ramírez,101235046,1481
1482,1,482,3,Luis Castillo,101235047,1482
1483,1,483,3,Laura Ortiz,101235048,1483
1484,1,484,3,María Morales,101235049,1484
1485,1,485,3,Carlos Gómez,101235050,1485
1486,1,486,3,José López,101235051,1486
1487,1,487,3,Ricardo Ramírez,101235052,1487
1488,1,488,3,Ana Morales,101235053,1488
1489,2,489,3,Miguel Ortiz,101235054,1489
1490,1,490,3,Isabella Vargas,101235055,1490
1491,1,491,3,Gabriela Rivera,101235056,1491
1492,1,492,3,Valeria Ramírez,101235057,1492
1493,2,493,3,Sofía Ramos,101235058,1493
1494,2,494,3,Andrés Gómez,101235059,1494
1495,2,495,3,Isabella Guerrero,101235060,1495
1496,1,496,3,Daniela López,101235061,1496
1497,1,497,3,Daniela Guerrero,101235062,1497
1498,1,498,3,Ricardo Ramos,101235063,1498
1499,1,499,3,Laura Ortiz,101235064,1499
1500,1,500,3,Miguel Martínez,101235065,1500
1501,1,1,3,José Martínez,12345678,1501
1502,2,2,3,Isabella Flores,23456789,1502
1503,1,3,3,Gabriela Gómez,34567890,1503
1504,1,4,3,Juan Gómez,12345679,1504
1505,2,5,3,Carlos Ramos,23456790,1505
1506,1,6,3,Valeria Pérez,34567891,1506
1507,2,7,3,Miguel Vargas,45678912,1507
1508,1,8,3,Miguel López,56789023,1508
1509,2,9,3,Isabella Rivera,67890134,1509
1510,1,10,3,Juan Sánchez,78901245,1510
1511,2,11,3,Isabella López,89012356,1511
1512,1,12,3,Isabella Rivera,90123467,1512
1513,2,13,3,Pedro Sánchez,1234578,1513
1514,1,14,3,Andrés Vargas,11234579,1514
1515,2,15,3,Daniela Ramos,21234580,1515
1516,1,16,3,Javier Sánchez,31234581,1516
1517,2,17,3,Ricardo Rivera,41234582,1517
1518,1,18,3,Andrés Torres,51234583,1518
1519,2,19,3,José Gómez,61234584,1519
1520,1,20,3,José García,71234585,1520
1521,2,21,3,Ricardo Ramos,81234586,1521
1522,1,22,3,Pedro Guerrero,91234587,1522
1523,2,23,3,Laura Flores,101234588,1523
1524,1,24,3,Ricardo Pérez,101234589,1524
1525,1,25,3,Miguel Morales,101234590,1525
1526,1,26,3,Andrés Guerrero,101234591,1526
1527,1,27,3,Andrés Pérez,101234592,1527
1528,1,28,3,Gabriela Castillo,101234593,1528
1529,1,29,3,Pedro Torres,101234594,1529
1530,1,30,3,Javier Rivera,101234595,1530
1531,2,31,3,Isabella Mendoza,101234596,1531
1532,1,32,3,Camila Morales,101234597,1532
1533,1,33,3,José Morales,101234598,1533
1534,1,34,3,Isabella Sánchez,101234599,1534
1535,2,35,3,María Ramírez,101234600,1535
1536,2,36,3,Carlos Martínez,101234601,1536
1537,2,37,3,María Rodríguez,101234602,1537
1538,1,38,3,Andrés Ortiz,101234603,1538
1539,1,39,3,Luis González,101234604,1539
1540,1,40,3,Daniela Morales,101234605,1540
1541,1,41,3,Miguel Guerrero,101234606,1541
1542,1,42,3,Laura Ramírez,101234607,1542
1543,1,43,3,Valeria Torres,101234608,1543
1544,1,44,3,Camila González,101234609,1544
1545,2,45,3,Javier Guerrero,101234610,1545
1546,1,46,3,Daniela Torres,101234611,1546
1547,1,47,3,Gabriela Flores,101234612,1547
1548,1,48,3,Andrés Guerrero,101234613,1548
1549,2,49,3,Pedro Rivera,101234614,1549
1550,2,50,3,Daniela González,101234615,1550
1551,2,51,3,Laura Vargas,101234616,1551
1552,1,52,3,José Sánchez,101234617,1552
1553,1,53,3,Sofía Castillo,101234618,1553
1554,1,54,3,Laura Morales,101234619,1554
1555,1,55,3,Andrés Morales,101234620,1555
1556,1,56,3,Lucía Pérez,101234621,1556
1557,1,57,3,Pedro Sánchez,101234622,1557
1558,1,58,3,María Sánchez,101234623,1558
1559,2,59,3,Isabella Sánchez,101234624,1559
1560,1,60,3,Daniela Ramírez,101234625,1560
1561,1,61,3,Camila Vargas,101234626,1561
1562,1,62,3,Fernando Castillo,101234627,1562
1563,2,63,3,Andrés Ortiz,101234628,1563
1564,2,64,3,Andrés Ramírez,101234629,1564
1565,2,65,3,Laura García,101234630,1565
1566,1,66,3,Sofía Castillo,101234631,1566
1567,1,67,3,Gabriela Flores,101234632,1567
1568,1,68,3,Luis Torres,101234633,1568
1569,1,69,3,Juan Pérez,101234634,1569
1570,1,70,3,Gabriela González,101234635,1570
1571,1,71,3,Lucía Pérez,101234636,1571
1572,1,72,3,Carlos Hernández,101234637,1572
1573,2,73,3,Fernando Mendoza,101234638,1573
1574,1,74,3,Fernando Guerrero,101234639,1574
1575,1,75,3,María Rivera,101234640,1575
1576,1,76,3,María García,101234641,1576
1577,2,77,3,Laura Flores,101234642,1577
1578,2,78,3,Andrés Flores,101234643,1578
1579,2,79,3,José Torres,101234644,1579
1580,1,80,3,Laura Flores,101234645,1580
1581,1,81,3,Isabella López,101234646,1581
1582,1,82,3,Carlos Ramos,101234647,1582
1583,1,83,3,Laura Vargas,101234648,1583
1584,1,84,3,Gabriela González,101234649,1584
1585,1,85,3,Lucía Martínez,101234650,1585
1586,1,86,3,Sofía Ortiz,101234651,1586
1587,2,87,3,Juan García,101234652,1587
1588,1,88,3,María Martínez,101234653,1588
1589,1,89,3,Juan López,101234654,1589
1590,1,90,3,Juan Sánchez,101234655,1590
1591,2,91,3,Juan Rivera,101234656,1591
1592,2,92,3,Luis López,101234657,1592
1593,2,93,3,Daniela Rodríguez,101234658,1593
1594,1,94,3,Valeria Sánchez,101234659,1594
1595,1,95,3,Pedro Hernández,101234660,1595
1596,1,96,3,José Morales,101234661,1596
1597,1,97,3,Lucía González,101234662,1597
1598,1,98,3,Javier Guerrero,101234663,1598
1599,1,99,3,José García,101234664,1599
1600,1,100,3,Javier Flores,101234665,1600
1601,2,101,3,Gabriela Hernández,101234666,1601
1602,1,102,3,Sofía Pérez,101234667,1602
1603,1,103,3,Gabriela Morales,101234668,1603
1604,1,104,3,Valeria Rodríguez,101234669,1604
1605,2,105,3,Laura Hernández,101234670,1605
1606,2,106,3,Camila Martínez,101234671,1606
1607,2,107,3,Pedro Gómez,101234672,1607
1608,1,108,3,María García,101234673,1608
1609,2,109,3,Lucía Torres,101234674,1609
1610,1,110,3,Pedro González,101234675,1610
1611,1,111,3,Pedro Guerrero,101234676,1611
1612,1,112,3,Luis Martínez,101234677,1612
1613,1,113,3,Camila Martínez,101234678,1613
1614,1,114,3,Fernando García,101234679,1614
1615,1,115,3,Sofía Castillo,101234680,1615
1616,1,116,3,Daniela Morales,101234681,1616
1617,2,117,3,Camila Sánchez,101234682,1617
1618,1,118,3,Pedro López,101234683,1618
1619,1,119,3,Valeria López,101234684,1619
1620,1,120,3,Lucía Hernández,101234685,1620
1621,2,121,3,Camila Mendoza,101234686,1621
1622,2,122,3,Camila López,101234687,1622
1623,2,123,3,Isabella Sánchez,101234688,1623
1624,1,124,3,Juan González,101234689,1624
1625,1,125,3,Carlos González,101234690,1625
1626,1,126,3,José Ortiz,101234691,1626
1627,1,127,3,Luis Rivera,101234692,1627
1628,1,128,3,Luis Torres,101234693,1628
1629,1,129,3,Sofía Rodríguez,101234694,1629
1630,1,130,3,José Morales,101234695,1630
1631,2,131,3,Javier Martínez,101234696,1631
1632,1,132,3,Ana Ramírez,101234697,1632
1633,1,133,3,María Sánchez,101234698,1633
1634,1,134,3,Laura Rivera,101234699,1634
1635,2,135,3,Laura García,101234700,1635
1636,2,136,3,Javier Ramírez,101234701,1636
1637,2,137,3,Juan Ramírez,101234702,1637
1638,1,138,3,María Ramos,101234703,1638
1639,1,139,3,Daniela Morales,101234704,1639
1640,1,140,3,Pedro Mendoza,101234705,1640
1641,1,141,3,Isabella Hernández,101234706,1641
1642,1,142,3,Camila García,101234707,1642
1643,1,143,3,Ricardo Mendoza,101234708,1643
1644,1,144,3,Camila López,101234709,1644
1645,2,145,3,Fernando Gómez,101234710,1645
1646,1,146,3,Camila Rivera,101234711,1646
1647,1,147,3,Juan García,101234712,1647
1648,1,148,3,Miguel Martínez,101234713,1648
1649,2,149,3,Ricardo Ramos,101234714,1649
1650,2,150,3,Daniela Guerrero,101234715,1650
1651,2,151,3,Gabriela Flores,101234716,1651
1652,1,152,3,Sofía García,101234717,1652
1653,1,153,3,Ana Morales,101234718,1653
1654,1,154,3,Ana Rodríguez,101234719,1654
1655,1,155,3,Fernando Morales,101234720,1655
1656,1,156,3,Javier Torres,101234721,1656
1657,1,157,3,Pedro Sánchez,101234722,1657
1658,1,158,3,Fernando Flores,101234723,1658
1659,2,159,3,Fernando Mendoza,101234724,1659
1660,1,160,3,Lucía García,101234725,1660
1661,1,161,3,Carlos Gómez,101234726,1661
1662,1,162,3,Camila García,101234727,1662
1663,2,163,3,Daniela Hernández,101234728,1663
1664,2,164,3,Andrés Guerrero,101234729,1664
1665,2,165,3,María Castillo,101234730,1665
1666,1,166,3,Juan Pérez,101234731,1666
1667,1,167,3,Javier Gómez,101234732,1667
1668,1,168,3,Andrés Ramos,101234733,1668
1669,1,169,3,Miguel Rivera,101234734,1669
1670,1,170,3,Laura García,101234735,1670
1671,1,171,3,Sofía Rodríguez,101234736,1671
1672,1,172,3,Valeria Morales,101234737,1672
1673,2,173,3,Fernando Morales,101234738,1673
1674,1,174,3,Luis Martínez,101234739,1674
1675,1,175,3,José Flores,101234740,1675
1676,1,176,3,José González,101234741,1676
1677,2,177,3,Daniela Vargas,101234742,1677
1678,2,178,3,Laura Rivera,101234743,1678
1679,2,179,3,Daniela Torres,101234744,1679
1680,1,180,3,Sofía López,101234745,1680
1681,1,181,3,Camila Pérez,101234746,1681
1682,1,182,3,José Castillo,101234747,1682
1683,1,183,3,Juan Ramos,101234748,1683
1684,1,184,3,José Sánchez,101234749,1684
1685,1,185,3,Gabriela Rivera,101234750,1685
1686,1,186,3,Carlos González,101234751,1686
1687,2,187,3,Ana Morales,101234752,1687
1688,1,188,3,Lucía González,101234753,1688
1689,1,189,3,Javier Sánchez,101234754,1689
1690,1,190,3,Valeria Flores,101234755,1690
1691,2,191,3,Javier Flores,101234756,1691
1692,2,192,3,Laura Rivera,101234757,1692
1693,2,193,3,Javier Torres,101234758,1693
1694,1,194,3,Ana González,101234759,1694
1695,2,195,3,José Hernández,101234760,1695
1696,1,196,3,Pedro Ortiz,101234761,1696
1697,1,197,3,Gabriela García,101234762,1697
1698,1,198,3,Laura Martínez,101234763,1698
1699,1,199,3,Laura Martínez,101234764,1699
1700,1,200,3,Javier García,101234765,1700
1701,1,201,3,Miguel Gómez,101234766,1701
1702,1,202,3,Valeria Hernández,101234767,1702
1703,2,203,3,Camila Torres,101234768,1703
1704,1,204,3,Ricardo González,101234769,1704
1705,1,205,3,Sofía González,101234770,1705
1706,1,206,3,Andrés Flores,101234771,1706
1707,2,207,3,José Vargas,101234772,1707
1708,2,208,3,José Guerrero,101234773,1708
1709,2,209,3,Andrés González,101234774,1709
1710,1,210,3,Valeria López,101234775,1710
1711,1,211,3,Gabriela Ortiz,101234776,1711
1712,1,212,3,Miguel Torres,101234777,1712
1713,1,213,3,Ana Castillo,101234778,1713
1714,1,214,3,Ana Rodríguez,101234779,1714
1715,1,215,3,Ana Rivera,101234780,1715
1716,1,216,3,Isabella Vargas,101234781,1716
1717,2,217,3,Isabella Flores,101234782,1717
1718,1,218,3,Camila Gómez,101234783,1718
1719,1,219,3,Pedro Ramírez,101234784,1719
1720,1,220,3,Daniela Hernández,101234785,1720
1721,2,221,3,Luis Sánchez,101234786,1721
1722,2,222,3,Valeria Rodríguez,101234787,1722
1723,2,223,3,Pedro Castillo,101234788,1723
1724,1,224,3,Gabriela Morales,101234789,1724
1725,1,225,3,Carlos Guerrero,101234790,1725
1726,1,226,3,Sofía Martínez,101234791,1726
1727,1,227,3,María Martínez,101234792,1727
1728,1,228,3,Daniela Morales,101234793,1728
1729,1,229,3,Javier Pérez,101234794,1729
1730,1,230,3,Laura González,101234795,1730
1731,2,231,3,Fernando Ramírez,101234796,1731
1732,1,232,3,Lucía Martínez,101234797,1732
1733,1,233,3,Isabella García,101234798,1733
1734,1,234,3,Ricardo Rodríguez,101234799,1734
1735,2,235,3,Ana Ortiz,101234800,1735
1736,2,236,3,Ana Hernández,101234801,1736
1737,2,237,3,Isabella Gómez,101234802,1737
1738,1,238,3,Pedro Rodríguez,101234803,1738
1739,1,239,3,Ana Castillo,101234804,1739
1740,1,240,3,Juan García,101234805,1740
1741,1,241,3,Laura Torres,101234806,1741
1742,1,242,3,Daniela Morales,101234807,1742
1743,1,243,3,María Castillo,101234808,1743
1744,1,244,3,Daniela López,101234809,1744
1745,2,245,3,Laura Rodríguez,101234810,1745
1746,1,246,3,Laura Hernández,101234811,1746
1747,1,247,3,Fernando Hernández,101234812,1747
1748,1,248,3,Lucía Pérez,101234813,1748
1749,2,249,3,Juan Rivera,101234814,1749
1750,2,250,3,Pedro Ramírez,101234815,1750
1751,2,251,3,Luis Ramírez,101234816,1751
1752,1,252,3,Miguel Torres,101234817,1752
1753,1,253,3,Isabella García,101234818,1753
1754,1,254,3,Juan Castillo,101234819,1754
1755,1,255,3,Miguel Sánchez,101234820,1755
1756,1,256,3,Ana Ortiz,101234821,1756
1757,1,257,3,Fernando Gómez,101234822,1757
1758,1,258,3,Gabriela Castillo,101234823,1758
1759,2,259,3,Laura Hernández,101234824,1759
1760,1,260,3,Ana Ortiz,101234825,1760
1761,1,261,3,Ricardo Guerrero,101234826,1761
1762,1,262,3,Ricardo Mendoza,101234827,1762
1763,2,263,3,Juan López,101234828,1763
1764,2,264,3,Camila Martínez,101234829,1764
1765,2,265,3,José García,101234830,1765
1766,1,266,3,Valeria Sánchez,101234831,1766
1767,1,267,3,Carlos Ramírez,101234832,1767
1768,1,268,3,Valeria Mendoza,101234833,1768
1769,1,269,3,Laura Guerrero,101234834,1769
1770,1,270,3,Isabella Ramos,101234835,1770
1771,1,271,3,Ricardo Ramírez,101234836,1771
1772,1,272,3,Daniela Flores,101234837,1772
1773,2,273,3,Lucía Morales,101234838,1773
1774,1,274,3,Juan Rivera,101234839,1774
1775,1,275,3,Daniela Vargas,101234840,1775
1776,1,276,3,Ricardo Ramos,101234841,1776
1777,2,277,3,Juan Rodríguez,101234842,1777
1778,2,278,3,Ana Morales,101234843,1778
1779,2,279,3,Daniela Hernández,101234844,1779
1780,1,280,3,Juan Ortiz,101234845,1780
1781,2,281,3,Pedro Ramírez,101234846,1781
1782,1,282,3,Gabriela Hernández,101234847,1782
1783,1,283,3,Andrés Flores,101234848,1783
1784,1,284,3,Pedro Sánchez,101234849,1784
1785,1,285,3,Gabriela Torres,101234850,1785
1786,1,286,3,Carlos Rodríguez,101234851,1786
1787,1,287,3,Luis González,101234852,1787
1788,1,288,3,Laura Vargas,101234853,1788
1789,2,289,3,Juan Guerrero,101234854,1789
1790,1,290,3,Ricardo Rodríguez,101234855,1790
1791,1,291,3,Carlos Ramos,101234856,1791
1792,1,292,3,Sofía García,101234857,1792
1793,2,293,3,Ana González,101234858,1793
1794,2,294,3,Laura López,101234859,1794
1795,2,295,3,José Sánchez,101234860,1795
1796,1,296,3,Gabriela Ramos,101234861,1796
1797,1,297,3,Laura Flores,101234862,1797
1798,1,298,3,Daniela Mendoza,101234863,1798
1799,1,299,3,Daniela Ortiz,101234864,1799
1800,1,300,3,María Rodríguez,101234865,1800
1801,1,301,3,Ricardo Ortiz,101234866,1801
1802,1,302,3,Javier García,101234867,1802
1803,2,303,3,María Rivera,101234868,1803
1804,1,304,3,María Ortiz,101234869,1804
1805,1,305,3,Andrés Rivera,101234870,1805
1806,1,306,3,Javier Flores,101234871,1806
1807,2,307,3,Pedro Ramírez,101234872,1807
1808,2,308,3,Isabella Martínez,101234873,1808
1809,2,309,3,Daniela Rivera,101234874,1809
1810,1,310,3,Daniela Rodríguez,101234875,1810
1811,1,311,3,Andrés Ramírez,101234876,1811
1812,1,312,3,Daniela Gómez,101234877,1812
1813,1,313,3,Gabriela Ramírez,101234878,1813
1814,1,314,3,Fernando Pérez,101234879,1814
1815,1,315,3,Camila Ramos,101234880,1815
1816,1,316,3,Andrés González,101234881,1816
1817,2,317,3,Juan Flores,101234882,1817
1818,1,318,3,Gabriela Ramírez,101234883,1818
1819,1,319,3,Isabella Flores,101234884,1819
1820,1,320,3,Lucía Morales,101234885,1820
1821,2,321,3,Isabella Ortiz,101234886,1821
1822,2,322,3,Luis López,101234887,1822
1823,2,323,3,Miguel Martínez,101234888,1823
1824,1,324,3,Carlos Mendoza,101234889,1824
1825,1,325,3,María Ramos,101234890,1825
1826,1,326,3,Valeria Rivera,101234891,1826
1827,1,327,3,Pedro Rodríguez,101234892,1827
1828,1,328,3,Pedro Vargas,101234893,1828
1829,1,329,3,Laura Martínez,101234894,1829
1830,1,330,3,Miguel Rodríguez,101234895,1830
1831,2,331,3,Fernando Guerrero,101234896,1831
1832,1,332,3,Miguel Flores,101234897,1832
1833,1,333,3,María Flores,101234898,1833
1834,1,334,3,Ricardo Pérez,101234899,1834
1835,2,335,3,Gabriela Guerrero,101234900,1835
1836,2,336,3,Juan Castillo,101234901,1836
1837,2,337,3,Ricardo López,101234902,1837
1838,1,338,3,José Gómez,101234903,1838
1839,1,339,3,Fernando López,101234904,1839
1840,1,340,3,Javier Ortiz,101234905,1840
1841,1,341,3,Pedro García,101234906,1841
1842,1,342,3,Miguel Pérez,101234907,1842
1843,1,343,3,Fernando Flores,101234908,1843
1844,1,344,3,María Ortiz,101234909,1844
1845,2,345,3,Juan Martínez,101234910,1845
1846,1,346,3,Andrés Ramírez,101234911,1846
1847,1,347,3,Carlos Flores,101234912,1847
1848,1,348,3,Juan García,101234913,1848
1849,2,349,3,Juan Gómez,101234914,1849
1850,2,350,3,Pedro García,101234915,1850
1851,2,351,3,Andrés Ortiz,101234916,1851
1852,1,352,3,Daniela Torres,101234917,1852
1853,1,353,3,Isabella Pérez,101234918,1853
1854,1,354,3,José Torres,101234919,1854
1855,1,355,3,Pedro Martínez,101234920,1855
1856,1,356,3,Ana González,101234921,1856
1857,1,357,3,Daniela Flores,101234922,1857
1858,1,358,3,Pedro Guerrero,101234923,1858
1859,2,359,3,María Torres,101234924,1859
1860,1,360,3,Laura Ramírez,101234925,1860
1861,1,361,3,Javier Martínez,101234926,1861
1862,1,362,3,Javier Ramírez,101234927,1862
1863,2,363,3,Valeria Vargas,101234928,1863
1864,2,364,3,Isabella Ramírez,101234929,1864
1865,2,365,3,Luis Martínez,101234930,1865
1866,1,366,3,Pedro Mendoza,101234931,1866
1867,2,367,3,María Vargas,101234932,1867
1868,1,368,3,María Rivera,101234933,1868
1869,1,369,3,Ricardo Vargas,101234934,1869
1870,1,370,3,María Sánchez,101234935,1870
1871,1,371,3,Ricardo Flores,101234936,1871
1872,1,372,3,Fernando Mendoza,101234937,1872
1873,1,373,3,Camila Ortiz,101234938,1873
1874,1,374,3,Camila Gómez,101234939,1874
1875,2,375,3,Juan Castillo,101234940,1875
1876,1,376,3,María Castillo,101234941,1876
1877,1,377,3,Ricardo Pérez,101234942,1877
1878,1,378,3,Fernando Ramírez,101234943,1878
1879,2,379,3,Miguel Pérez,101234944,1879
1880,2,380,3,Ricardo Ramos,101234945,1880
1881,2,381,3,Luis Gómez,101234946,1881
1882,1,382,3,Ricardo Flores,101234947,1882
1883,1,383,3,Valeria López,101234948,1883
1884,1,384,3,Valeria Castillo,101234949,1884
1885,1,385,3,Camila Vargas,101234950,1885
1886,1,386,3,Ricardo Hernández,101234951,1886
1887,1,387,3,Luis Flores,101234952,1887
1888,1,388,3,José Ortiz,101234953,1888
1889,2,389,3,Luis López,101234954,1889
1890,1,390,3,Pedro Ramírez,101234955,1890
1891,1,391,3,Javier Ramírez,101234956,1891
1892,1,392,3,Lucía González,101234957,1892
1893,2,393,3,Miguel Vargas,101234958,1893
1894,2,394,3,Javier López,101234959,1894
1895,2,395,3,Camila Guerrero,101234960,1895
1896,1,396,3,Fernando García,101234961,1896
1897,1,397,3,Andrés López,101234962,1897
1898,1,398,3,José González,101234963,1898
1899,1,399,3,Ricardo Rivera,101234964,1899
1900,1,400,3,Pedro López,101234965,1900
1901,1,401,3,Ricardo Ramírez,101234966,1901
1902,1,402,3,Sofía Rivera,101234967,1902
1903,2,403,3,Lucía García,101234968,1903
1904,1,404,3,Luis Ramos,101234969,1904
1905,1,405,3,Carlos Torres,101234970,1905
1906,1,406,3,Juan Torres,101234971,1906
1907,2,407,3,Sofía Hernández,101234972,1907
1908,2,408,3,Ricardo Martínez,101234973,1908
1909,2,409,3,Miguel Pérez,101234974,1909
1910,1,410,3,Gabriela Vargas,101234975,1910
1911,1,411,3,María Ramos,101234976,1911
1912,1,412,3,Andrés Guerrero,101234977,1912
1913,1,413,3,Pedro López,101234978,1913
1914,1,414,3,Javier Flores,101234979,1914
1915,1,415,3,Camila Rivera,101234980,1915
1916,1,416,3,Isabella Flores,101234981,1916
1917,2,417,3,Laura López,101234982,1917
1918,1,418,3,Carlos Rodríguez,101234983,1918
1919,1,419,3,Camila Rivera,101234984,1919
1920,1,420,3,Juan Rodríguez,101234985,1920
1921,2,421,3,Fernando Morales,101234986,1921
1922,2,422,3,Juan Pérez,101234987,1922
1923,2,423,3,Javier Rodríguez,101234988,1923
1924,1,424,3,Gabriela Rodríguez,101234989,1924
1925,1,425,3,Valeria Ramírez,101234990,1925
1926,1,426,3,Ricardo García,101234991,1926
1927,1,427,3,Daniela Ramos,101234992,1927
1928,1,428,3,Laura Vargas,101234993,1928
1929,1,429,3,María Pérez,101234994,1929
1930,1,430,3,Juan Castillo,101234995,1930
1931,2,431,3,Isabella López,101234996,1931
1932,1,432,3,Daniela Flores,101234997,1932
1933,1,433,3,Sofía López,101234998,1933
1934,1,434,3,Ricardo Martínez,101234999,1934
1935,2,435,3,Miguel Guerrero,101235000,1935
1936,2,436,3,Andrés Rodríguez,101235001,1936
1937,2,437,3,Miguel Hernández,101235002,1937
1938,1,438,3,Daniela Gómez,101235003,1938
1939,1,439,3,Lucía Ramírez,101235004,1939
1940,1,440,3,Fernando García,101235005,1940
1941,1,441,3,Pedro Hernández,101235006,1941
1942,1,442,3,Valeria Sánchez,101235007,1942
1943,1,443,3,Miguel Sánchez,101235008,1943
1944,1,444,3,Valeria Martínez,101235009,1944
1945,2,445,3,Laura Hernández,101235010,1945
1946,1,446,3,Juan Morales,101235011,1946
1947,1,447,3,Lucía Gómez,101235012,1947
1948,1,448,3,Gabriela Sánchez,101235013,1948
1949,2,449,3,Isabella García,101235014,1949
1950,2,450,3,María Flores,101235015,1950
1951,2,451,3,José Sánchez,101235016,1951
1952,1,452,3,José Hernández,101235017,1952
1953,2,453,3,Carlos González,101235018,1953
1954,1,454,3,Luis Pérez,101235019,1954
1955,1,455,3,José Vargas,101235020,1955
1956,1,456,3,Lucía Ramos,101235021,1956
1957,1,457,3,María Mendoza,101235022,1957
1958,1,458,3,Laura Gómez,101235023,1958
1959,1,459,3,Ana González,101235024,1959
1960,1,460,3,Javier Sánchez,101235025,1960
1961,2,461,3,Camila García,101235026,1961
1962,1,462,3,Camila Sánchez,101235027,1962
1963,1,463,3,Fernando Mendoza,101235028,1963
1964,1,464,3,Valeria Ramos,101235029,1964
1965,2,465,3,Andrés Pérez,101235030,1965
1966,2,466,3,Ricardo Gómez,101235031,1966
1967,2,467,3,Luis Torres,101235032,1967
1968,1,468,3,Javier Morales,101235033,1968
1969,1,469,3,Juan Hernández,101235034,1969
1970,1,470,3,Ricardo Rivera,101235035,1970
1971,1,471,3,Javier López,101235036,1971
1972,1,472,3,Carlos Martínez,101235037,1972
1973,1,473,3,Lucía Mendoza,101235038,1973
1974,1,474,3,Camila Guerrero,101235039,1974
1975,2,475,3,Javier Gómez,101235040,1975
1976,1,476,3,Andrés Ramírez,101235041,1976
1977,1,477,3,Lucía Ramos,101235042,1977
1978,1,478,3,Laura López,101235043,1978
1979,2,479,3,José Flores,101235044,1979
1980,2,480,3,Sofía Rodríguez,101235045,1980
1981,2,481,3,Daniela Ramírez,101235046,1981
1982,1,482,3,Luis Castillo,101235047,1982
1983,1,483,3,Laura Ortiz,101235048,1983
1984,1,484,3,María Morales,101235049,1984
1985,1,485,3,Carlos Gómez,101235050,1985
1986,1,486,3,José López,101235051,1986
1987,1,487,3,Ricardo Ramírez,101235052,1987
1988,1,488,3,Ana Morales,101235053,1988
1989,2,489,3,Miguel Ortiz,101235054,1989
1990,1,490,3,Isabella Vargas,101235055,1990
1991,1,491,3,Gabriela Rivera,101235056,1991
1992,1,492,3,Valeria Ramírez,101235057,1992
1993,2,493,3,Sofía Ramos,101235058,1993
1994,2,494,3,Andrés Gómez,101235059,1994
1995,2,495,3,Isabella Guerrero,101235060,1995
1996,1,496,3,Daniela López,101235061,1996
1997,1,497,3,Daniela Guerrero,101235062,1997
1998,1,498,3,Ricardo Ramos,101235063,1998
1999,1,499,3,Laura Ortiz,101235064,1999
2000,1,500,3,Miguel Martínez,101235065,2000
